,FL_DATE,FL_NUM,ORIGIN_CITY_MARKET_ID,DEST_CITY_MARKET_ID,DEP_TIME,ARR_TIME,Unnamed: 6,o_lat,o_lng,d_lat,d_lng
7946,2013-01-01,3599,30135,31295,1712.0,1908.0,,40.6516458,-75.4440964,42.331427,-83.0457538
7948,2013-01-01,3601,31295,35412,1549.0,1728.0,,42.331427,-83.0457538,35.9606384,-83.9207392
8023,2013-01-01,3713,31295,30135,2004.0,2114.0,,42.331427,-83.0457538,40.6516458,-75.4440964
8038,2013-01-01,3583,31295,30529,1402.0,1541.0,,42.331427,-83.0457538,41.7637111,-72.6850932
8071,2013-01-01,3639,30529,31295,914.0,1151.0,,41.7637111,-72.6850932,42.331427,-83.0457538
8280,2013-01-01,4263,35412,31295,1114.0,1243.0,,35.9606384,-83.9207392,42.331427,-83.0457538
8331,2013-01-01,4245,31295,30685,2006.0,2031.0,,42.331427,-83.0457538,40.5478429,-88.864698
10932,2013-01-01,905,31295,31136,1347.0,1603.0,,42.331427,-83.0457538,30.3321838,-81.655651
10933,2013-01-01,905,31136,31295,1655.0,1910.0,,30.3321838,-81.655651,42.331427,-83.0457538
11784,2013-01-01,1510,31295,30529,1754.0,1916.0,,42.331427,-83.0457538,41.7637111,-72.6850932
12206,2013-01-01,2045,30529,31295,658.0,920.0,,41.7637111,-72.6850932,42.331427,-83.0457538
13001,2013-01-01,4890,30529,31295,1227.0,1436.0,,41.7637111,-72.6850932,42.331427,-83.0457538
13002,2013-01-01,4890,31295,30529,1011.0,1136.0,,42.331427,-83.0457538,41.7637111,-72.6850932
13095,2013-01-01,5082,31295,34653,1539.0,1728.0,,42.331427,-83.0457538,36.1539816,-95.992775
13142,2013-01-01,5188,34653,31295,934.0,1229.0,,36.1539816,-95.992775,42.331427,-83.0457538
16009,2013-01-02,4890,30529,31295,1231.0,1457.0,,41.7637111,-72.6850932,42.331427,-83.0457538
16010,2013-01-02,4890,31295,30529,1010.0,1142.0,,42.331427,-83.0457538,41.7637111,-72.6850932
16011,2013-01-02,4891,30529,31295,550.0,759.0,,41.7637111,-72.6850932,42.331427,-83.0457538
16020,2013-01-02,4906,30135,31295,1708.0,1900.0,,40.6516458,-75.4440964,42.331427,-83.0457538
16077,2013-01-02,4892,31295,30529,2147.0,2316.0,,42.331427,-83.0457538,41.7637111,-72.6850932
16207,2013-01-02,5082,31295,34653,1535.0,1710.0,,42.331427,-83.0457538,36.1539816,-95.992775
16320,2013-01-02,5188,34653,31295,558.0,922.0,,36.1539816,-95.992775,42.331427,-83.0457538
16616,2013-01-02,5365,34653,31295,1742.0,2027.0,,36.1539816,-95.992775,42.331427,-83.0457538
17105,2013-01-02,5461,31295,31136,854.0,1118.0,,42.331427,-83.0457538,30.3321838,-81.655651
17106,2013-01-02,5461,31136,31295,1155.0,1428.0,,30.3321838,-81.655651,42.331427,-83.0457538
18109,2013-01-02,5160,31295,34653,2039.0,2218.0,,42.331427,-83.0457538,36.1539816,-95.992775
19024,2013-01-02,3484,30529,31295,1634.0,1850.0,,41.7637111,-72.6850932,42.331427,-83.0457538
19025,2013-01-02,3484,31295,30529,1409.0,1553.0,,42.331427,-83.0457538,41.7637111,-72.6850932
19110,2013-01-02,3713,31295,30135,2007.0,2129.0,,42.331427,-83.0457538,40.6516458,-75.4440964
19181,2013-01-02,3631,31295,35412,1022.0,1209.0,,42.331427,-83.0457538,35.9606384,-83.9207392
19192,2013-01-02,3639,30529,31295,907.0,1137.0,,41.7637111,-72.6850932,42.331427,-83.0457538
19227,2013-01-02,3788,30135,31295,558.0,801.0,,40.6516458,-75.4440964,42.331427,-83.0457538
19302,2013-01-02,3803,31295,35412,1537.0,1737.0,,42.331427,-83.0457538,35.9606384,-83.9207392
19335,2013-01-02,3938,30685,31295,645.0,916.0,,40.5478429,-88.864698,42.331427,-83.0457538
19354,2013-01-02,3957,35412,31295,730.0,912.0,,35.9606384,-83.9207392,42.331427,-83.0457538
19366,2013-01-02,3969,31295,30529,656.0,857.0,,42.331427,-83.0457538,41.7637111,-72.6850932
19564,2013-01-02,3936,31295,30135,1400.0,1525.0,,42.331427,-83.0457538,40.6516458,-75.4440964
19570,2013-01-02,4096,31295,35412,1931.0,2103.0,,42.331427,-83.0457538,35.9606384,-83.9207392
19584,2013-01-02,4109,35412,31295,1706.0,1900.0,,35.9606384,-83.9207392,42.331427,-83.0457538
19618,2013-01-02,4263,35412,31295,1123.0,1324.0,,35.9606384,-83.9207392,42.331427,-83.0457538
19669,2013-01-02,4200,35412,31295,1455.0,1632.0,,35.9606384,-83.9207392,42.331427,-83.0457538
19690,2013-01-02,4245,31295,30685,2009.0,2038.0,,42.331427,-83.0457538,40.5478429,-88.864698
22649,2013-01-02,905,31295,31136,1352.0,1619.0,,42.331427,-83.0457538,30.3321838,-81.655651
22650,2013-01-02,905,31136,31295,1709.0,1924.0,,30.3321838,-81.655651,42.331427,-83.0457538
23535,2013-01-02,1510,31295,30529,1807.0,1942.0,,42.331427,-83.0457538,41.7637111,-72.6850932
24126,2013-01-02,2045,30529,31295,659.0,855.0,,41.7637111,-72.6850932,42.331427,-83.0457538
38029,2013-01-03,4883,31295,30135,1728.0,1910.0,,42.331427,-83.0457538,40.6516458,-75.4440964
38043,2013-01-03,4901,31295,30529,1744.0,1922.0,,42.331427,-83.0457538,41.7637111,-72.6850932
38056,2013-01-03,4913,30529,31295,550.0,749.0,,41.7637111,-72.6850932,42.331427,-83.0457538
38105,2013-01-03,4959,31295,30135,853.0,1010.0,,42.331427,-83.0457538,40.6516458,-75.4440964
38342,2013-01-03,5188,34653,31295,604.0,925.0,,36.1539816,-95.992775,42.331427,-83.0457538
38382,2013-01-03,5129,30529,31295,1652.0,1837.0,,41.7637111,-72.6850932,42.331427,-83.0457538
38383,2013-01-03,5129,31295,30529,1501.0,1627.0,,42.331427,-83.0457538,41.7637111,-72.6850932
38465,2013-01-03,5317,30529,31295,709.0,915.0,,41.7637111,-72.6850932,42.331427,-83.0457538
38475,2013-01-03,5324,31295,34653,1657.0,1814.0,,42.331427,-83.0457538,36.1539816,-95.992775
38624,2013-01-03,5365,34653,31295,1733.0,2045.0,,36.1539816,-95.992775,42.331427,-83.0457538
40080,2013-01-03,5160,31295,34653,2149.0,2252.0,,42.331427,-83.0457538,36.1539816,-95.992775
45663,2013-01-03,3509,31295,30529,2232.0,8.0,,42.331427,-83.0457538,41.7637111,-72.6850932
45731,2013-01-03,3600,30135,31295,1253.0,1453.0,,40.6516458,-75.4440964,42.331427,-83.0457538
45748,2013-01-03,3435,31295,31136,1231.0,1500.0,,42.331427,-83.0457538,30.3321838,-81.655651
45791,2013-01-03,3630,30135,31295,633.0,825.0,,40.6516458,-75.4440964,42.331427,-83.0457538
45810,2013-01-03,3679,30685,31295,642.0,914.0,,40.5478429,-88.864698,42.331427,-83.0457538
45932,2013-01-03,3758,30135,31295,1708.0,1854.0,,40.6516458,-75.4440964,42.331427,-83.0457538
46067,2013-01-03,3940,31295,35412,1542.0,1728.0,,42.331427,-83.0457538,35.9606384,-83.9207392
46083,2013-01-03,3957,35412,31295,738.0,920.0,,35.9606384,-83.9207392,42.331427,-83.0457538
46084,2013-01-03,3958,31295,35412,1022.0,1204.0,,42.331427,-83.0457538,35.9606384,-83.9207392
46106,2013-01-03,3891,30685,31295,1612.0,1833.0,,40.5478429,-88.864698,42.331427,-83.0457538
46107,2013-01-03,3891,31295,30685,1525.0,1540.0,,42.331427,-83.0457538,40.5478429,-88.864698
46281,2013-01-03,3933,35412,31295,1650.0,1827.0,,35.9606384,-83.9207392,42.331427,-83.0457538
46283,2013-01-03,3936,31295,30135,1454.0,1610.0,,42.331427,-83.0457538,40.6516458,-75.4440964
46292,2013-01-03,4096,31295,35412,2015.0,2219.0,,42.331427,-83.0457538,35.9606384,-83.9207392
46338,2013-01-03,4263,35412,31295,1245.0,1428.0,,35.9606384,-83.9207392,42.331427,-83.0457538
46429,2013-01-03,4245,31295,30685,2018.0,2102.0,,42.331427,-83.0457538,40.5478429,-88.864698
47462,2013-01-03,3288,31136,31295,1409.0,1622.0,,30.3321838,-81.655651,42.331427,-83.0457538
49984,2013-01-03,1449,31295,30529,1633.0,1813.0,,42.331427,-83.0457538,41.7637111,-72.6850932
49985,2013-01-03,1449,30529,31295,1841.0,2027.0,,41.7637111,-72.6850932,42.331427,-83.0457538
60308,2013-01-04,3509,31295,30529,2159.0,2327.0,,42.331427,-83.0457538,41.7637111,-72.6850932
60349,2013-01-04,3397,30529,31295,546.0,803.0,,41.7637111,-72.6850932,42.331427,-83.0457538
60383,2013-01-04,3600,30135,31295,1246.0,1416.0,,40.6516458,-75.4440964,42.331427,-83.0457538
60397,2013-01-04,3435,31295,31136,1224.0,1441.0,,42.331427,-83.0457538,30.3321838,-81.655651
60457,2013-01-04,3679,30685,31295,642.0,913.0,,40.5478429,-88.864698,42.331427,-83.0457538
60576,2013-01-04,3758,30135,31295,1653.0,1836.0,,40.6516458,-75.4440964,42.331427,-83.0457538
60704,2013-01-04,3940,31295,35412,1538.0,1657.0,,42.331427,-83.0457538,35.9606384,-83.9207392
60719,2013-01-04,3957,35412,31295,740.0,932.0,,35.9606384,-83.9207392,42.331427,-83.0457538
60720,2013-01-04,3958,31295,35412,1023.0,1150.0,,42.331427,-83.0457538,35.9606384,-83.9207392
60749,2013-01-04,3891,30685,31295,1613.0,1840.0,,40.5478429,-88.864698,42.331427,-83.0457538
60750,2013-01-04,3891,31295,30685,1524.0,1539.0,,42.331427,-83.0457538,40.5478429,-88.864698
60921,2013-01-04,3933,35412,31295,1648.0,1831.0,,35.9606384,-83.9207392,42.331427,-83.0457538
60923,2013-01-04,3936,31295,30135,1356.0,1513.0,,42.331427,-83.0457538,40.6516458,-75.4440964
60931,2013-01-04,4096,31295,35412,2009.0,2141.0,,42.331427,-83.0457538,35.9606384,-83.9207392
60975,2013-01-04,4263,35412,31295,1245.0,1435.0,,35.9606384,-83.9207392,42.331427,-83.0457538
61066,2013-01-04,4245,31295,30685,2011.0,2019.0,,42.331427,-83.0457538,40.5478429,-88.864698
62099,2013-01-04,3288,31136,31295,1405.0,1620.0,,30.3321838,-81.655651,42.331427,-83.0457538
63811,2013-01-04,1449,31295,30529,1547.0,1718.0,,42.331427,-83.0457538,41.7637111,-72.6850932
63812,2013-01-04,1449,30529,31295,1815.0,2011.0,,41.7637111,-72.6850932,42.331427,-83.0457538
66420,2013-01-04,4879,30135,31295,547.0,723.0,,40.6516458,-75.4440964,42.331427,-83.0457538
66423,2013-01-04,4883,31295,30135,1727.0,1901.0,,42.331427,-83.0457538,40.6516458,-75.4440964
66439,2013-01-04,4901,31295,30529,1738.0,1900.0,,42.331427,-83.0457538,41.7637111,-72.6850932
66498,2013-01-04,4959,31295,30135,857.0,1021.0,,42.331427,-83.0457538,40.6516458,-75.4440964
66722,2013-01-04,5188,34653,31295,553.0,941.0,,36.1539816,-95.992775,42.331427,-83.0457538
66759,2013-01-04,5129,30529,31295,1624.0,1830.0,,41.7637111,-72.6850932,42.331427,-83.0457538
66760,2013-01-04,5129,31295,30529,1400.0,1538.0,,42.331427,-83.0457538,41.7637111,-72.6850932
66846,2013-01-04,5317,30529,31295,652.0,841.0,,41.7637111,-72.6850932,42.331427,-83.0457538
66856,2013-01-04,5324,31295,34653,1531.0,1637.0,,42.331427,-83.0457538,36.1539816,-95.992775
67006,2013-01-04,5365,34653,31295,1744.0,2044.0,,36.1539816,-95.992775,42.331427,-83.0457538
67972,2013-01-04,5160,31295,34653,2141.0,2259.0,,42.331427,-83.0457538,36.1539816,-95.992775
69295,2013-01-05,5016,31295,34653,1603.0,1717.0,,42.331427,-83.0457538,36.1539816,-95.992775
69414,2013-01-05,5072,30529,31295,1319.0,1501.0,,41.7637111,-72.6850932,42.331427,-83.0457538
69415,2013-01-05,5072,31295,30529,1130.0,1249.0,,42.331427,-83.0457538,41.7637111,-72.6850932
69452,2013-01-05,5188,34653,31295,554.0,851.0,,36.1539816,-95.992775,42.331427,-83.0457538
69464,2013-01-05,5118,30135,31295,1250.0,1439.0,,40.6516458,-75.4440964,42.331427,-83.0457538
69520,2013-01-05,5317,30529,31295,657.0,847.0,,41.7637111,-72.6850932,42.331427,-83.0457538
71287,2013-01-05,3679,30685,31295,645.0,900.0,,40.5478429,-88.864698,42.331427,-83.0457538
71354,2013-01-05,3759,31295,35412,1722.0,1852.0,,42.331427,-83.0457538,35.9606384,-83.9207392
71439,2013-01-05,3957,35412,31295,737.0,915.0,,35.9606384,-83.9207392,42.331427,-83.0457538
71440,2013-01-05,3958,31295,35412,1204.0,1333.0,,42.331427,-83.0457538,35.9606384,-83.9207392
71458,2013-01-05,3891,31295,30685,1522.0,1546.0,,42.331427,-83.0457538,40.5478429,-88.864698
71528,2013-01-05,4363,31295,30529,1746.0,1922.0,,42.331427,-83.0457538,41.7637111,-72.6850932
71561,2013-01-05,4263,35412,31295,1252.0,1431.0,,35.9606384,-83.9207392,42.331427,-83.0457538
71567,2013-01-05,4280,31295,30135,1729.0,1854.0,,42.331427,-83.0457538,40.6516458,-75.4440964
90728,2013-01-06,3509,31295,30529,2201.0,2333.0,,42.331427,-83.0457538,41.7637111,-72.6850932
90797,2013-01-06,3600,30135,31295,1248.0,1442.0,,40.6516458,-75.4440964,42.331427,-83.0457538
90813,2013-01-06,3435,31295,31136,1219.0,1440.0,,42.331427,-83.0457538,30.3321838,-81.655651
90852,2013-01-06,3630,30135,31295,559.0,749.0,,40.6516458,-75.4440964,42.331427,-83.0457538
90869,2013-01-06,3679,30685,31295,646.0,908.0,,40.5478429,-88.864698,42.331427,-83.0457538
90977,2013-01-06,3758,30135,31295,1700.0,1849.0,,40.6516458,-75.4440964,42.331427,-83.0457538
91103,2013-01-06,3940,31295,35412,1544.0,1722.0,,42.331427,-83.0457538,35.9606384,-83.9207392
91116,2013-01-06,3957,35412,31295,733.0,912.0,,35.9606384,-83.9207392,42.331427,-83.0457538
91117,2013-01-06,3958,31295,35412,1024.0,1149.0,,42.331427,-83.0457538,35.9606384,-83.9207392
91140,2013-01-06,3891,30685,31295,1643.0,1915.0,,40.5478429,-88.864698,42.331427,-83.0457538
91141,2013-01-06,3891,31295,30685,1529.0,1542.0,,42.331427,-83.0457538,40.5478429,-88.864698
91288,2013-01-06,3933,35412,31295,1655.0,1841.0,,35.9606384,-83.9207392,42.331427,-83.0457538
91290,2013-01-06,3936,31295,30135,1359.0,1509.0,,42.331427,-83.0457538,40.6516458,-75.4440964
91298,2013-01-06,4096,31295,35412,2016.0,2141.0,,42.331427,-83.0457538,35.9606384,-83.9207392
91335,2013-01-06,4263,35412,31295,1246.0,1447.0,,35.9606384,-83.9207392,42.331427,-83.0457538
91336,2013-01-06,4264,30529,31295,547.0,810.0,,41.7637111,-72.6850932,42.331427,-83.0457538
91404,2013-01-06,4245,31295,30685,2007.0,2023.0,,42.331427,-83.0457538,40.5478429,-88.864698
92408,2013-01-06,3288,31136,31295,1418.0,1628.0,,30.3321838,-81.655651,42.331427,-83.0457538
94740,2013-01-06,1449,31295,30529,1545.0,1749.0,,42.331427,-83.0457538,41.7637111,-72.6850932
94741,2013-01-06,1449,30529,31295,1824.0,2025.0,,41.7637111,-72.6850932,42.331427,-83.0457538
96298,2013-01-06,4883,31295,30135,1744.0,1901.0,,42.331427,-83.0457538,40.6516458,-75.4440964
96313,2013-01-06,4901,31295,30529,1745.0,1915.0,,42.331427,-83.0457538,41.7637111,-72.6850932
96372,2013-01-06,4959,31295,30135,935.0,1108.0,,42.331427,-83.0457538,40.6516458,-75.4440964
96800,2013-01-06,5072,30529,31295,1227.0,1429.0,,41.7637111,-72.6850932,42.331427,-83.0457538
96864,2013-01-06,5188,34653,31295,550.0,910.0,,36.1539816,-95.992775,42.331427,-83.0457538
96893,2013-01-06,5129,30529,31295,1616.0,1806.0,,41.7637111,-72.6850932,42.331427,-83.0457538
96894,2013-01-06,5129,31295,30529,1400.0,1530.0,,42.331427,-83.0457538,41.7637111,-72.6850932
96982,2013-01-06,5324,31295,34653,1532.0,1637.0,,42.331427,-83.0457538,36.1539816,-95.992775
97124,2013-01-06,5365,34653,31295,1730.0,2047.0,,36.1539816,-95.992775,42.331427,-83.0457538
98408,2013-01-06,5160,31295,34653,1958.0,2058.0,,42.331427,-83.0457538,36.1539816,-95.992775
99903,2013-01-07,4879,30135,31295,546.0,720.0,,40.6516458,-75.4440964,42.331427,-83.0457538
99907,2013-01-07,4883,31295,30135,1724.0,1844.0,,42.331427,-83.0457538,40.6516458,-75.4440964
99983,2013-01-07,4959,31295,30135,850.0,1012.0,,42.331427,-83.0457538,40.6516458,-75.4440964
100511,2013-01-07,1449,31295,30529,1548.0,1717.0,,42.331427,-83.0457538,41.7637111,-72.6850932
100512,2013-01-07,1449,30529,31295,1819.0,2017.0,,41.7637111,-72.6850932,42.331427,-83.0457538
101200,2013-01-07,5188,34653,31295,549.0,918.0,,36.1539816,-95.992775,42.331427,-83.0457538
101228,2013-01-07,5129,30529,31295,1617.0,1832.0,,41.7637111,-72.6850932,42.331427,-83.0457538
101229,2013-01-07,5129,31295,30529,1358.0,1532.0,,42.331427,-83.0457538,41.7637111,-72.6850932
101316,2013-01-07,5317,30529,31295,700.0,858.0,,41.7637111,-72.6850932,42.331427,-83.0457538
101324,2013-01-07,5324,31295,34653,1532.0,1642.0,,42.331427,-83.0457538,36.1539816,-95.992775
101467,2013-01-07,5365,34653,31295,1805.0,2059.0,,36.1539816,-95.992775,42.331427,-83.0457538
102831,2013-01-07,5160,31295,34653,1939.0,2050.0,,42.331427,-83.0457538,36.1539816,-95.992775
103686,2013-01-07,3397,30529,31295,547.0,737.0,,41.7637111,-72.6850932,42.331427,-83.0457538
103718,2013-01-07,3600,30135,31295,1254.0,1445.0,,40.6516458,-75.4440964,42.331427,-83.0457538
103737,2013-01-07,3435,31295,31136,1224.0,1438.0,,42.331427,-83.0457538,30.3321838,-81.655651
103793,2013-01-07,3679,30685,31295,649.0,935.0,,40.5478429,-88.864698,42.331427,-83.0457538
103906,2013-01-07,3758,30135,31295,1657.0,1834.0,,40.6516458,-75.4440964,42.331427,-83.0457538
104036,2013-01-07,3940,31295,35412,1536.0,1709.0,,42.331427,-83.0457538,35.9606384,-83.9207392
104051,2013-01-07,3957,35412,31295,735.0,927.0,,35.9606384,-83.9207392,42.331427,-83.0457538
104052,2013-01-07,3958,31295,35412,1022.0,1153.0,,42.331427,-83.0457538,35.9606384,-83.9207392
104080,2013-01-07,3891,30685,31295,1609.0,1823.0,,40.5478429,-88.864698,42.331427,-83.0457538
104081,2013-01-07,3891,31295,30685,1528.0,1539.0,,42.331427,-83.0457538,40.5478429,-88.864698
104251,2013-01-07,4363,31295,30529,1741.0,1907.0,,42.331427,-83.0457538,41.7637111,-72.6850932
104262,2013-01-07,3933,35412,31295,1652.0,1829.0,,35.9606384,-83.9207392,42.331427,-83.0457538
104264,2013-01-07,3936,31295,30135,1358.0,1522.0,,42.331427,-83.0457538,40.6516458,-75.4440964
104272,2013-01-07,4096,31295,35412,2017.0,2144.0,,42.331427,-83.0457538,35.9606384,-83.9207392
104320,2013-01-07,4263,35412,31295,1250.0,1438.0,,35.9606384,-83.9207392,42.331427,-83.0457538
104409,2013-01-07,4245,31295,30685,2004.0,2015.0,,42.331427,-83.0457538,40.5478429,-88.864698
105438,2013-01-07,3288,31136,31295,1412.0,1623.0,,30.3321838,-81.655651,42.331427,-83.0457538
124818,2013-01-08,3435,31295,31136,1215.0,1427.0,,42.331427,-83.0457538,30.3321838,-81.655651
124872,2013-01-08,3679,30685,31295,639.0,902.0,,40.5478429,-88.864698,42.331427,-83.0457538
124980,2013-01-08,3758,30135,31295,1703.0,1840.0,,40.6516458,-75.4440964,42.331427,-83.0457538
125056,2013-01-08,3903,30529,31295,653.0,850.0,,41.7637111,-72.6850932,42.331427,-83.0457538
125103,2013-01-08,3940,31295,35412,1540.0,1705.0,,42.331427,-83.0457538,35.9606384,-83.9207392
125118,2013-01-08,3957,35412,31295,736.0,910.0,,35.9606384,-83.9207392,42.331427,-83.0457538
125119,2013-01-08,3958,31295,35412,1016.0,1143.0,,42.331427,-83.0457538,35.9606384,-83.9207392
125149,2013-01-08,3891,30685,31295,1609.0,1817.0,,40.5478429,-88.864698,42.331427,-83.0457538
125150,2013-01-08,3891,31295,30685,1525.0,1547.0,,42.331427,-83.0457538,40.5478429,-88.864698
125307,2013-01-08,3933,35412,31295,1644.0,1826.0,,35.9606384,-83.9207392,42.331427,-83.0457538
125315,2013-01-08,4096,31295,35412,2017.0,2148.0,,42.331427,-83.0457538,35.9606384,-83.9207392
125359,2013-01-08,4263,35412,31295,1250.0,1434.0,,35.9606384,-83.9207392,42.331427,-83.0457538
125438,2013-01-08,4245,31295,30685,2007.0,2034.0,,42.331427,-83.0457538,40.5478429,-88.864698
126418,2013-01-08,3288,31136,31295,1405.0,1617.0,,30.3321838,-81.655651,42.331427,-83.0457538
128213,2013-01-08,1449,31295,30529,1547.0,1723.0,,42.331427,-83.0457538,41.7637111,-72.6850932
128214,2013-01-08,1449,30529,31295,1825.0,2012.0,,41.7637111,-72.6850932,42.331427,-83.0457538
130407,2013-01-08,4879,30135,31295,558.0,800.0,,40.6516458,-75.4440964,42.331427,-83.0457538
130411,2013-01-08,4883,31295,30135,1728.0,1848.0,,42.331427,-83.0457538,40.6516458,-75.4440964
130423,2013-01-08,4901,31295,30529,1746.0,1912.0,,42.331427,-83.0457538,41.7637111,-72.6850932
130477,2013-01-08,4892,31295,30529,2007.0,2147.0,,42.331427,-83.0457538,41.7637111,-72.6850932
130484,2013-01-08,4959,31295,30135,854.0,1027.0,,42.331427,-83.0457538,40.6516458,-75.4440964
130687,2013-01-08,5188,34653,31295,548.0,903.0,,36.1539816,-95.992775,42.331427,-83.0457538
130711,2013-01-08,5129,30529,31295,1620.0,1819.0,,41.7637111,-72.6850932,42.331427,-83.0457538
130712,2013-01-08,5129,31295,30529,1400.0,1530.0,,42.331427,-83.0457538,41.7637111,-72.6850932
130802,2013-01-08,5324,31295,34653,1838.0,2001.0,,42.331427,-83.0457538,36.1539816,-95.992775
133120,2013-01-09,1449,31295,30529,1616.0,1744.0,,42.331427,-83.0457538,41.7637111,-72.6850932
133121,2013-01-09,1449,30529,31295,1822.0,2023.0,,41.7637111,-72.6850932,42.331427,-83.0457538
134581,2013-01-09,4879,30135,31295,549.0,757.0,,40.6516458,-75.4440964,42.331427,-83.0457538
134585,2013-01-09,4883,31295,30135,1724.0,1837.0,,42.331427,-83.0457538,40.6516458,-75.4440964
134597,2013-01-09,4901,31295,30529,1739.0,1906.0,,42.331427,-83.0457538,41.7637111,-72.6850932
134657,2013-01-09,4959,31295,30135,855.0,1006.0,,42.331427,-83.0457538,40.6516458,-75.4440964
134721,2013-01-09,4930,30529,31295,623.0,821.0,,41.7637111,-72.6850932,42.331427,-83.0457538
134865,2013-01-09,5188,34653,31295,557.0,907.0,,36.1539816,-95.992775,42.331427,-83.0457538
134891,2013-01-09,5129,30529,31295,1620.0,1854.0,,41.7637111,-72.6850932,42.331427,-83.0457538
134892,2013-01-09,5129,31295,30529,1400.0,1524.0,,42.331427,-83.0457538,41.7637111,-72.6850932
134977,2013-01-09,5317,30529,31295,652.0,851.0,,41.7637111,-72.6850932,42.331427,-83.0457538
134987,2013-01-09,5324,31295,34653,1534.0,1651.0,,42.331427,-83.0457538,36.1539816,-95.992775
136897,2013-01-09,3509,31295,30529,2138.0,2302.0,,42.331427,-83.0457538,41.7637111,-72.6850932
136968,2013-01-09,3600,30135,31295,1245.0,1436.0,,40.6516458,-75.4440964,42.331427,-83.0457538
136986,2013-01-09,3435,31295,31136,1218.0,1434.0,,42.331427,-83.0457538,30.3321838,-81.655651
137042,2013-01-09,3679,30685,31295,647.0,913.0,,40.5478429,-88.864698,42.331427,-83.0457538
137153,2013-01-09,3758,30135,31295,1656.0,1903.0,,40.6516458,-75.4440964,42.331427,-83.0457538
137279,2013-01-09,3940,31295,35412,1536.0,1703.0,,42.331427,-83.0457538,35.9606384,-83.9207392
137294,2013-01-09,3957,35412,31295,730.0,911.0,,35.9606384,-83.9207392,42.331427,-83.0457538
137295,2013-01-09,3958,31295,35412,1018.0,1155.0,,42.331427,-83.0457538,35.9606384,-83.9207392
137322,2013-01-09,3891,30685,31295,1613.0,1830.0,,40.5478429,-88.864698,42.331427,-83.0457538
137323,2013-01-09,3891,31295,30685,1526.0,1549.0,,42.331427,-83.0457538,40.5478429,-88.864698
137494,2013-01-09,3933,35412,31295,1657.0,1833.0,,35.9606384,-83.9207392,42.331427,-83.0457538
137496,2013-01-09,3936,31295,30135,1353.0,1504.0,,42.331427,-83.0457538,40.6516458,-75.4440964
137502,2013-01-09,4096,31295,35412,2017.0,2142.0,,42.331427,-83.0457538,35.9606384,-83.9207392
137550,2013-01-09,4263,35412,31295,1245.0,1433.0,,35.9606384,-83.9207392,42.331427,-83.0457538
137633,2013-01-09,4245,31295,30685,2018.0,2041.0,,42.331427,-83.0457538,40.5478429,-88.864698
138608,2013-01-09,3288,31136,31295,1406.0,1615.0,,30.3321838,-81.655651,42.331427,-83.0457538
158877,2013-01-10,3509,31295,30529,2137.0,2312.0,,42.331427,-83.0457538,41.7637111,-72.6850932
158917,2013-01-10,3397,30529,31295,544.0,738.0,,41.7637111,-72.6850932,42.331427,-83.0457538
158950,2013-01-10,3600,30135,31295,1252.0,1434.0,,40.6516458,-75.4440964,42.331427,-83.0457538
158969,2013-01-10,3435,31295,31136,1218.0,1434.0,,42.331427,-83.0457538,30.3321838,-81.655651
159025,2013-01-10,3679,30685,31295,642.0,903.0,,40.5478429,-88.864698,42.331427,-83.0457538
159138,2013-01-10,3758,30135,31295,1659.0,1855.0,,40.6516458,-75.4440964,42.331427,-83.0457538
159270,2013-01-10,3940,31295,35412,1537.0,1707.0,,42.331427,-83.0457538,35.9606384,-83.9207392
159285,2013-01-10,3957,35412,31295,733.0,901.0,,35.9606384,-83.9207392,42.331427,-83.0457538
159286,2013-01-10,3958,31295,35412,1016.0,1145.0,,42.331427,-83.0457538,35.9606384,-83.9207392
159312,2013-01-10,3891,30685,31295,1614.0,1821.0,,40.5478429,-88.864698,42.331427,-83.0457538
159313,2013-01-10,3891,31295,30685,1521.0,1547.0,,42.331427,-83.0457538,40.5478429,-88.864698
159497,2013-01-10,3933,35412,31295,2032.0,2158.0,,35.9606384,-83.9207392,42.331427,-83.0457538
159499,2013-01-10,3936,31295,30135,1356.0,1520.0,,42.331427,-83.0457538,40.6516458,-75.4440964
159506,2013-01-10,4096,31295,35412,2012.0,2146.0,,42.331427,-83.0457538,35.9606384,-83.9207392
159555,2013-01-10,4263,35412,31295,1250.0,1437.0,,35.9606384,-83.9207392,42.331427,-83.0457538
159640,2013-01-10,4245,31295,30685,2012.0,2038.0,,42.331427,-83.0457538,40.5478429,-88.864698
160649,2013-01-10,3288,31136,31295,1409.0,1622.0,,30.3321838,-81.655651,42.331427,-83.0457538
163149,2013-01-10,1449,31295,30529,1546.0,1726.0,,42.331427,-83.0457538,41.7637111,-72.6850932
163150,2013-01-10,1449,30529,31295,1826.0,2017.0,,41.7637111,-72.6850932,42.331427,-83.0457538
164947,2013-01-10,4879,30135,31295,554.0,741.0,,40.6516458,-75.4440964,42.331427,-83.0457538
164951,2013-01-10,4883,31295,30135,1725.0,1845.0,,42.331427,-83.0457538,40.6516458,-75.4440964
164965,2013-01-10,4901,31295,30529,1742.0,1921.0,,42.331427,-83.0457538,41.7637111,-72.6850932
165026,2013-01-10,4959,31295,30135,852.0,1007.0,,42.331427,-83.0457538,40.6516458,-75.4440964
165245,2013-01-10,5188,34653,31295,557.0,903.0,,36.1539816,-95.992775,42.331427,-83.0457538
165272,2013-01-10,5129,30529,31295,1620.0,1829.0,,41.7637111,-72.6850932,42.331427,-83.0457538
165273,2013-01-10,5129,31295,30529,1356.0,1526.0,,42.331427,-83.0457538,41.7637111,-72.6850932
165356,2013-01-10,5317,30529,31295,653.0,844.0,,41.7637111,-72.6850932,42.331427,-83.0457538
165364,2013-01-10,5324,31295,34653,1531.0,1702.0,,42.331427,-83.0457538,36.1539816,-95.992775
165504,2013-01-10,5365,34653,31295,1733.0,2045.0,,36.1539816,-95.992775,42.331427,-83.0457538
166353,2013-01-10,5160,31295,34653,1936.0,2045.0,,42.331427,-83.0457538,36.1539816,-95.992775
167872,2013-01-11,4879,30135,31295,554.0,742.0,,40.6516458,-75.4440964,42.331427,-83.0457538
167876,2013-01-11,4883,31295,30135,2031.0,2140.0,,42.331427,-83.0457538,40.6516458,-75.4440964
167888,2013-01-11,4901,31295,30529,1906.0,2036.0,,42.331427,-83.0457538,41.7637111,-72.6850932
167947,2013-01-11,4959,31295,30135,904.0,1025.0,,42.331427,-83.0457538,40.6516458,-75.4440964
168164,2013-01-11,5188,34653,31295,555.0,907.0,,36.1539816,-95.992775,42.331427,-83.0457538
168194,2013-01-11,5129,30529,31295,1620.0,1835.0,,41.7637111,-72.6850932,42.331427,-83.0457538
168195,2013-01-11,5129,31295,30529,1356.0,1536.0,,42.331427,-83.0457538,41.7637111,-72.6850932
168277,2013-01-11,5317,30529,31295,656.0,850.0,,41.7637111,-72.6850932,42.331427,-83.0457538
168287,2013-01-11,5324,31295,34653,1530.0,1656.0,,42.331427,-83.0457538,36.1539816,-95.992775
168430,2013-01-11,5365,34653,31295,1733.0,2033.0,,36.1539816,-95.992775,42.331427,-83.0457538
169569,2013-01-11,5160,31295,34653,1938.0,2056.0,,42.331427,-83.0457538,36.1539816,-95.992775
170392,2013-01-11,3509,31295,30529,2141.0,2316.0,,42.331427,-83.0457538,41.7637111,-72.6850932
170433,2013-01-11,3397,30529,31295,544.0,732.0,,41.7637111,-72.6850932,42.331427,-83.0457538
170467,2013-01-11,3600,30135,31295,1249.0,1450.0,,40.6516458,-75.4440964,42.331427,-83.0457538
170482,2013-01-11,3435,31295,31136,1215.0,1427.0,,42.331427,-83.0457538,30.3321838,-81.655651
170537,2013-01-11,3679,30685,31295,639.0,909.0,,40.5478429,-88.864698,42.331427,-83.0457538
170650,2013-01-11,3758,30135,31295,1702.0,1852.0,,40.6516458,-75.4440964,42.331427,-83.0457538
170781,2013-01-11,3940,31295,35412,1542.0,1707.0,,42.331427,-83.0457538,35.9606384,-83.9207392
170796,2013-01-11,3957,35412,31295,737.0,920.0,,35.9606384,-83.9207392,42.331427,-83.0457538
170797,2013-01-11,3958,31295,35412,1017.0,1145.0,,42.331427,-83.0457538,35.9606384,-83.9207392
170825,2013-01-11,3891,30685,31295,1614.0,1850.0,,40.5478429,-88.864698,42.331427,-83.0457538
170826,2013-01-11,3891,31295,30685,1530.0,1552.0,,42.331427,-83.0457538,40.5478429,-88.864698
171009,2013-01-11,3933,35412,31295,1703.0,1842.0,,35.9606384,-83.9207392,42.331427,-83.0457538
171011,2013-01-11,3936,31295,30135,1356.0,1520.0,,42.331427,-83.0457538,40.6516458,-75.4440964
171018,2013-01-11,4096,31295,35412,2015.0,2142.0,,42.331427,-83.0457538,35.9606384,-83.9207392
171065,2013-01-11,4263,35412,31295,1249.0,1443.0,,35.9606384,-83.9207392,42.331427,-83.0457538
171150,2013-01-11,4245,31295,30685,2009.0,2027.0,,42.331427,-83.0457538,40.5478429,-88.864698
172156,2013-01-11,3288,31136,31295,1411.0,1636.0,,30.3321838,-81.655651,42.331427,-83.0457538
173838,2013-01-11,1449,31295,30529,1547.0,1721.0,,42.331427,-83.0457538,41.7637111,-72.6850932
173839,2013-01-11,1449,30529,31295,1825.0,2018.0,,41.7637111,-72.6850932,42.331427,-83.0457538
191324,2013-01-12,3679,30685,31295,642.0,901.0,,40.5478429,-88.864698,42.331427,-83.0457538
191392,2013-01-12,3759,31295,35412,1723.0,1854.0,,42.331427,-83.0457538,35.9606384,-83.9207392
191477,2013-01-12,3957,35412,31295,737.0,924.0,,35.9606384,-83.9207392,42.331427,-83.0457538
191478,2013-01-12,3958,31295,35412,1158.0,1321.0,,42.331427,-83.0457538,35.9606384,-83.9207392
191496,2013-01-12,3891,31295,30685,1530.0,1539.0,,42.331427,-83.0457538,40.5478429,-88.864698
191607,2013-01-12,4263,35412,31295,1249.0,1431.0,,35.9606384,-83.9207392,42.331427,-83.0457538
191614,2013-01-12,4280,31295,30135,1731.0,1849.0,,42.331427,-83.0457538,40.6516458,-75.4440964
195961,2013-01-12,4901,31295,30529,1745.0,1924.0,,42.331427,-83.0457538,41.7637111,-72.6850932
195999,2013-01-12,5016,31295,34653,1716.0,1844.0,,42.331427,-83.0457538,36.1539816,-95.992775
196110,2013-01-12,5072,30529,31295,1350.0,1545.0,,41.7637111,-72.6850932,42.331427,-83.0457538
196111,2013-01-12,5072,31295,30529,1155.0,1326.0,,42.331427,-83.0457538,41.7637111,-72.6850932
196151,2013-01-12,5188,34653,31295,548.0,844.0,,36.1539816,-95.992775,42.331427,-83.0457538
196160,2013-01-12,5118,30135,31295,1248.0,1427.0,,40.6516458,-75.4440964,42.331427,-83.0457538
196165,2013-01-12,5129,30529,31295,1614.0,1757.0,,41.7637111,-72.6850932,42.331427,-83.0457538
196166,2013-01-12,5129,31295,30529,1355.0,1525.0,,42.331427,-83.0457538,41.7637111,-72.6850932
196216,2013-01-12,5317,30529,31295,657.0,849.0,,41.7637111,-72.6850932,42.331427,-83.0457538
198616,2013-01-13,4883,31295,30135,1732.0,1902.0,,42.331427,-83.0457538,40.6516458,-75.4440964
198630,2013-01-13,4901,31295,30529,1802.0,1940.0,,42.331427,-83.0457538,41.7637111,-72.6850932
198682,2013-01-13,4959,31295,30135,854.0,1022.0,,42.331427,-83.0457538,40.6516458,-75.4440964
198750,2013-01-13,4930,30529,31295,547.0,745.0,,41.7637111,-72.6850932,42.331427,-83.0457538
198832,2013-01-13,5072,30529,31295,1239.0,1432.0,,41.7637111,-72.6850932,42.331427,-83.0457538
198894,2013-01-13,5188,34653,31295,606.0,919.0,,36.1539816,-95.992775,42.331427,-83.0457538
198916,2013-01-13,5129,30529,31295,1621.0,1855.0,,41.7637111,-72.6850932,42.331427,-83.0457538
198917,2013-01-13,5129,31295,30529,1404.0,1538.0,,42.331427,-83.0457538,41.7637111,-72.6850932
199004,2013-01-13,5324,31295,34653,1533.0,1700.0,,42.331427,-83.0457538,36.1539816,-95.992775
199138,2013-01-13,5365,34653,31295,1732.0,2032.0,,36.1539816,-95.992775,42.331427,-83.0457538
199913,2013-01-13,5160,31295,34653,2024.0,2157.0,,42.331427,-83.0457538,36.1539816,-95.992775
201175,2013-01-13,3509,31295,30529,2220.0,2358.0,,42.331427,-83.0457538,41.7637111,-72.6850932
201242,2013-01-13,3600,30135,31295,1342.0,1513.0,,40.6516458,-75.4440964,42.331427,-83.0457538
201256,2013-01-13,3435,31295,31136,1211.0,1435.0,,42.331427,-83.0457538,30.3321838,-81.655651
201296,2013-01-13,3630,30135,31295,559.0,734.0,,40.6516458,-75.4440964,42.331427,-83.0457538
201311,2013-01-13,3679,30685,31295,654.0,915.0,,40.5478429,-88.864698,42.331427,-83.0457538
201426,2013-01-13,3758,30135,31295,1733.0,1916.0,,40.6516458,-75.4440964,42.331427,-83.0457538
201556,2013-01-13,3940,31295,35412,1538.0,1709.0,,42.331427,-83.0457538,35.9606384,-83.9207392
201569,2013-01-13,3957,35412,31295,735.0,900.0,,35.9606384,-83.9207392,42.331427,-83.0457538
201570,2013-01-13,3958,31295,35412,1018.0,1144.0,,42.331427,-83.0457538,35.9606384,-83.9207392
201597,2013-01-13,3891,30685,31295,1608.0,1830.0,,40.5478429,-88.864698,42.331427,-83.0457538
201598,2013-01-13,3891,31295,30685,1524.0,1544.0,,42.331427,-83.0457538,40.5478429,-88.864698
201749,2013-01-13,3933,35412,31295,1648.0,1818.0,,35.9606384,-83.9207392,42.331427,-83.0457538
201751,2013-01-13,3936,31295,30135,1353.0,1535.0,,42.331427,-83.0457538,40.6516458,-75.4440964
201758,2013-01-13,4096,31295,35412,2008.0,2148.0,,42.331427,-83.0457538,35.9606384,-83.9207392
201795,2013-01-13,4263,35412,31295,1248.0,1433.0,,35.9606384,-83.9207392,42.331427,-83.0457538
201859,2013-01-13,4245,31295,30685,2041.0,2133.0,,42.331427,-83.0457538,40.5478429,-88.864698
202831,2013-01-13,3288,31136,31295,1413.0,1619.0,,30.3321838,-81.655651,42.331427,-83.0457538
205821,2013-01-13,1449,31295,30529,1546.0,1722.0,,42.331427,-83.0457538,41.7637111,-72.6850932
205822,2013-01-13,1449,30529,31295,1826.0,2023.0,,41.7637111,-72.6850932,42.331427,-83.0457538
222656,2013-01-14,3397,30529,31295,543.0,741.0,,41.7637111,-72.6850932,42.331427,-83.0457538
222689,2013-01-14,3600,30135,31295,1414.0,1552.0,,40.6516458,-75.4440964,42.331427,-83.0457538
222708,2013-01-14,3435,31295,31136,1215.0,1432.0,,42.331427,-83.0457538,30.3321838,-81.655651
222764,2013-01-14,3679,30685,31295,642.0,931.0,,40.5478429,-88.864698,42.331427,-83.0457538
222877,2013-01-14,3758,30135,31295,1826.0,2020.0,,40.6516458,-75.4440964,42.331427,-83.0457538
223003,2013-01-14,3940,31295,35412,1535.0,1729.0,,42.331427,-83.0457538,35.9606384,-83.9207392
223018,2013-01-14,3957,35412,31295,739.0,914.0,,35.9606384,-83.9207392,42.331427,-83.0457538
223019,2013-01-14,3958,31295,35412,1031.0,1209.0,,42.331427,-83.0457538,35.9606384,-83.9207392
223049,2013-01-14,3891,30685,31295,1619.0,1842.0,,40.5478429,-88.864698,42.331427,-83.0457538
223050,2013-01-14,3891,31295,30685,1535.0,1555.0,,42.331427,-83.0457538,40.5478429,-88.864698
223232,2013-01-14,3933,35412,31295,1750.0,1911.0,,35.9606384,-83.9207392,42.331427,-83.0457538
223234,2013-01-14,3936,31295,30135,1351.0,1508.0,,42.331427,-83.0457538,40.6516458,-75.4440964
223243,2013-01-14,4096,31295,35412,2057.0,2238.0,,42.331427,-83.0457538,35.9606384,-83.9207392
223293,2013-01-14,4263,35412,31295,1245.0,1422.0,,35.9606384,-83.9207392,42.331427,-83.0457538
223378,2013-01-14,4245,31295,30685,2004.0,2031.0,,42.331427,-83.0457538,40.5478429,-88.864698
224383,2013-01-14,3288,31136,31295,1407.0,1614.0,,30.3321838,-81.655651,42.331427,-83.0457538
226774,2013-01-14,1449,31295,30529,1601.0,1729.0,,42.331427,-83.0457538,41.7637111,-72.6850932
226775,2013-01-14,1449,30529,31295,1830.0,2032.0,,41.7637111,-72.6850932,42.331427,-83.0457538
228653,2013-01-14,4879,30135,31295,556.0,751.0,,40.6516458,-75.4440964,42.331427,-83.0457538
228657,2013-01-14,4883,31295,30135,1727.0,1839.0,,42.331427,-83.0457538,40.6516458,-75.4440964
228671,2013-01-14,4901,31295,30529,1743.0,1909.0,,42.331427,-83.0457538,41.7637111,-72.6850932
228729,2013-01-14,4959,31295,30135,849.0,1007.0,,42.331427,-83.0457538,40.6516458,-75.4440964
228950,2013-01-14,5188,34653,31295,558.0,904.0,,36.1539816,-95.992775,42.331427,-83.0457538
228982,2013-01-14,5129,30529,31295,1620.0,1841.0,,41.7637111,-72.6850932,42.331427,-83.0457538
228983,2013-01-14,5129,31295,30529,1403.0,1534.0,,42.331427,-83.0457538,41.7637111,-72.6850932
229067,2013-01-14,5317,30529,31295,655.0,900.0,,41.7637111,-72.6850932,42.331427,-83.0457538
229075,2013-01-14,5324,31295,34653,1537.0,1711.0,,42.331427,-83.0457538,36.1539816,-95.992775
229218,2013-01-14,5365,34653,31295,1733.0,2022.0,,36.1539816,-95.992775,42.331427,-83.0457538
230064,2013-01-14,5160,31295,34653,1942.0,2130.0,,42.331427,-83.0457538,36.1539816,-95.992775
232337,2013-01-15,4879,30135,31295,552.0,734.0,,40.6516458,-75.4440964,42.331427,-83.0457538
232341,2013-01-15,4883,31295,30135,1728.0,1840.0,,42.331427,-83.0457538,40.6516458,-75.4440964
232351,2013-01-15,4901,31295,30529,1737.0,1904.0,,42.331427,-83.0457538,41.7637111,-72.6850932
232404,2013-01-15,4892,31295,30529,2036.0,2155.0,,42.331427,-83.0457538,41.7637111,-72.6850932
232409,2013-01-15,4959,31295,30135,842.0,1017.0,,42.331427,-83.0457538,40.6516458,-75.4440964
232614,2013-01-15,5188,34653,31295,552.0,859.0,,36.1539816,-95.992775,42.331427,-83.0457538
232638,2013-01-15,5129,30529,31295,1623.0,1840.0,,41.7637111,-72.6850932,42.331427,-83.0457538
232639,2013-01-15,5129,31295,30529,1358.0,1522.0,,42.331427,-83.0457538,41.7637111,-72.6850932
232717,2013-01-15,5317,30529,31295,702.0,900.0,,41.7637111,-72.6850932,42.331427,-83.0457538
232726,2013-01-15,5324,31295,34653,1531.0,1704.0,,42.331427,-83.0457538,36.1539816,-95.992775
234955,2013-01-15,3435,31295,31136,1217.0,1444.0,,42.331427,-83.0457538,30.3321838,-81.655651
235010,2013-01-15,3679,30685,31295,642.0,903.0,,40.5478429,-88.864698,42.331427,-83.0457538
235118,2013-01-15,3758,30135,31295,1706.0,1849.0,,40.6516458,-75.4440964,42.331427,-83.0457538
235238,2013-01-15,3940,31295,35412,1537.0,1719.0,,42.331427,-83.0457538,35.9606384,-83.9207392
235253,2013-01-15,3957,35412,31295,739.0,902.0,,35.9606384,-83.9207392,42.331427,-83.0457538
235254,2013-01-15,3958,31295,35412,1037.0,1216.0,,42.331427,-83.0457538,35.9606384,-83.9207392
235287,2013-01-15,3891,30685,31295,1621.0,1844.0,,40.5478429,-88.864698,42.331427,-83.0457538
235288,2013-01-15,3891,31295,30685,1520.0,1603.0,,42.331427,-83.0457538,40.5478429,-88.864698
235447,2013-01-15,3933,35412,31295,1836.0,2004.0,,35.9606384,-83.9207392,42.331427,-83.0457538
235455,2013-01-15,4096,31295,35412,2008.0,2157.0,,42.331427,-83.0457538,35.9606384,-83.9207392
235500,2013-01-15,4263,35412,31295,1250.0,1422.0,,35.9606384,-83.9207392,42.331427,-83.0457538
235579,2013-01-15,4245,31295,30685,2016.0,2040.0,,42.331427,-83.0457538,40.5478429,-88.864698
236547,2013-01-15,3288,31136,31295,1504.0,1708.0,,30.3321838,-81.655651,42.331427,-83.0457538
238433,2013-01-15,1449,31295,30529,1547.0,1710.0,,42.331427,-83.0457538,41.7637111,-72.6850932
238434,2013-01-15,1449,30529,31295,1815.0,2017.0,,41.7637111,-72.6850932,42.331427,-83.0457538
256040,2013-01-16,3509,31295,30529,16.0,153.0,,42.331427,-83.0457538,41.7637111,-72.6850932
256111,2013-01-16,3600,30135,31295,1456.0,1650.0,,40.6516458,-75.4440964,42.331427,-83.0457538
256128,2013-01-16,3435,31295,31136,1219.0,1446.0,,42.331427,-83.0457538,30.3321838,-81.655651
256185,2013-01-16,3679,30685,31295,644.0,921.0,,40.5478429,-88.864698,42.331427,-83.0457538
256436,2013-01-16,3957,35412,31295,738.0,918.0,,35.9606384,-83.9207392,42.331427,-83.0457538
256437,2013-01-16,3958,31295,35412,1020.0,1207.0,,42.331427,-83.0457538,35.9606384,-83.9207392
256638,2013-01-16,3933,35412,31295,2001.0,2132.0,,35.9606384,-83.9207392,42.331427,-83.0457538
256640,2013-01-16,3936,31295,30135,1625.0,1740.0,,42.331427,-83.0457538,40.6516458,-75.4440964
256647,2013-01-16,4096,31295,35412,2033.0,2214.0,,42.331427,-83.0457538,35.9606384,-83.9207392
256696,2013-01-16,4263,35412,31295,1248.0,1439.0,,35.9606384,-83.9207392,42.331427,-83.0457538
256779,2013-01-16,4245,31295,30685,2129.0,2147.0,,42.331427,-83.0457538,40.5478429,-88.864698
257748,2013-01-16,3288,31136,31295,1710.0,1915.0,,30.3321838,-81.655651,42.331427,-83.0457538
260023,2013-01-16,1449,31295,30529,1545.0,1712.0,,42.331427,-83.0457538,41.7637111,-72.6850932
260024,2013-01-16,1449,30529,31295,1823.0,2036.0,,41.7637111,-72.6850932,42.331427,-83.0457538
261341,2013-01-16,4879,30135,31295,553.0,801.0,,40.6516458,-75.4440964,42.331427,-83.0457538
261345,2013-01-16,4883,31295,30135,1727.0,1841.0,,42.331427,-83.0457538,40.6516458,-75.4440964
261357,2013-01-16,4901,31295,30529,1744.0,1908.0,,42.331427,-83.0457538,41.7637111,-72.6850932
261415,2013-01-16,4959,31295,30135,852.0,1017.0,,42.331427,-83.0457538,40.6516458,-75.4440964
261482,2013-01-16,4930,30529,31295,550.0,836.0,,41.7637111,-72.6850932,42.331427,-83.0457538
261629,2013-01-16,5188,34653,31295,553.0,904.0,,36.1539816,-95.992775,42.331427,-83.0457538
261655,2013-01-16,5129,30529,31295,1621.0,1823.0,,41.7637111,-72.6850932,42.331427,-83.0457538
261656,2013-01-16,5129,31295,30529,1358.0,1519.0,,42.331427,-83.0457538,41.7637111,-72.6850932
261738,2013-01-16,5317,30529,31295,707.0,936.0,,41.7637111,-72.6850932,42.331427,-83.0457538
261748,2013-01-16,5324,31295,34653,1600.0,1706.0,,42.331427,-83.0457538,36.1539816,-95.992775
264571,2013-01-17,1449,31295,30529,1551.0,1725.0,,42.331427,-83.0457538,41.7637111,-72.6850932
264572,2013-01-17,1449,30529,31295,1823.0,2029.0,,41.7637111,-72.6850932,42.331427,-83.0457538
266102,2013-01-17,4879,30135,31295,547.0,745.0,,40.6516458,-75.4440964,42.331427,-83.0457538
266106,2013-01-17,4883,31295,30135,1728.0,1844.0,,42.331427,-83.0457538,40.6516458,-75.4440964
266120,2013-01-17,4901,31295,30529,1742.0,1925.0,,42.331427,-83.0457538,41.7637111,-72.6850932
266179,2013-01-17,4959,31295,30135,851.0,1001.0,,42.331427,-83.0457538,40.6516458,-75.4440964
266401,2013-01-17,5188,34653,31295,554.0,915.0,,36.1539816,-95.992775,42.331427,-83.0457538
266427,2013-01-17,5129,30529,31295,1624.0,1838.0,,41.7637111,-72.6850932,42.331427,-83.0457538
266428,2013-01-17,5129,31295,30529,1423.0,1543.0,,42.331427,-83.0457538,41.7637111,-72.6850932
266510,2013-01-17,5317,30529,31295,656.0,858.0,,41.7637111,-72.6850932,42.331427,-83.0457538
266518,2013-01-17,5324,31295,34653,1532.0,1638.0,,42.331427,-83.0457538,36.1539816,-95.992775
266661,2013-01-17,5365,34653,31295,1754.0,2107.0,,36.1539816,-95.992775,42.331427,-83.0457538
268001,2013-01-17,5160,31295,34653,1941.0,2046.0,,42.331427,-83.0457538,36.1539816,-95.992775
268806,2013-01-17,3509,31295,30529,2142.0,2313.0,,42.331427,-83.0457538,41.7637111,-72.6850932
268846,2013-01-17,3397,30529,31295,548.0,801.0,,41.7637111,-72.6850932,42.331427,-83.0457538
268879,2013-01-17,3600,30135,31295,1313.0,1455.0,,40.6516458,-75.4440964,42.331427,-83.0457538
268897,2013-01-17,3435,31295,31136,1220.0,1454.0,,42.331427,-83.0457538,30.3321838,-81.655651
268954,2013-01-17,3679,30685,31295,641.0,853.0,,40.5478429,-88.864698,42.331427,-83.0457538
269067,2013-01-17,3758,30135,31295,1757.0,1936.0,,40.6516458,-75.4440964,42.331427,-83.0457538
269197,2013-01-17,3940,31295,35412,1537.0,1725.0,,42.331427,-83.0457538,35.9606384,-83.9207392
269212,2013-01-17,3957,35412,31295,918.0,1053.0,,35.9606384,-83.9207392,42.331427,-83.0457538
269213,2013-01-17,3958,31295,35412,1023.0,1214.0,,42.331427,-83.0457538,35.9606384,-83.9207392
269240,2013-01-17,3891,30685,31295,1612.0,1834.0,,40.5478429,-88.864698,42.331427,-83.0457538
269241,2013-01-17,3891,31295,30685,1524.0,1540.0,,42.331427,-83.0457538,40.5478429,-88.864698
269425,2013-01-17,3933,35412,31295,1817.0,2102.0,,35.9606384,-83.9207392,42.331427,-83.0457538
269427,2013-01-17,3936,31295,30135,1351.0,1520.0,,42.331427,-83.0457538,40.6516458,-75.4440964
269435,2013-01-17,4096,31295,35412,2013.0,2156.0,,42.331427,-83.0457538,35.9606384,-83.9207392
269485,2013-01-17,4263,35412,31295,1254.0,1427.0,,35.9606384,-83.9207392,42.331427,-83.0457538
269571,2013-01-17,4245,31295,30685,1959.0,2016.0,,42.331427,-83.0457538,40.5478429,-88.864698
270576,2013-01-17,3288,31136,31295,1412.0,1604.0,,30.3321838,-81.655651,42.331427,-83.0457538
290465,2013-01-18,3509,31295,30529,2139.0,2315.0,,42.331427,-83.0457538,41.7637111,-72.6850932
290508,2013-01-18,3397,30529,31295,545.0,733.0,,41.7637111,-72.6850932,42.331427,-83.0457538
290539,2013-01-18,3600,30135,31295,1617.0,1757.0,,40.6516458,-75.4440964,42.331427,-83.0457538
290552,2013-01-18,3435,31295,31136,1216.0,1426.0,,42.331427,-83.0457538,30.3321838,-81.655651
290608,2013-01-18,3679,30685,31295,643.0,849.0,,40.5478429,-88.864698,42.331427,-83.0457538
290722,2013-01-18,3758,30135,31295,1705.0,1857.0,,40.6516458,-75.4440964,42.331427,-83.0457538
290852,2013-01-18,3940,31295,35412,1614.0,1738.0,,42.331427,-83.0457538,35.9606384,-83.9207392
290867,2013-01-18,3957,35412,31295,943.0,1116.0,,35.9606384,-83.9207392,42.331427,-83.0457538
290868,2013-01-18,3958,31295,35412,1017.0,1158.0,,42.331427,-83.0457538,35.9606384,-83.9207392
290896,2013-01-18,3891,30685,31295,1614.0,1839.0,,40.5478429,-88.864698,42.331427,-83.0457538
290897,2013-01-18,3891,31295,30685,1527.0,1544.0,,42.331427,-83.0457538,40.5478429,-88.864698
291077,2013-01-18,3933,35412,31295,1730.0,1923.0,,35.9606384,-83.9207392,42.331427,-83.0457538
291079,2013-01-18,3936,31295,30135,1400.0,1525.0,,42.331427,-83.0457538,40.6516458,-75.4440964
291087,2013-01-18,4096,31295,35412,2011.0,2137.0,,42.331427,-83.0457538,35.9606384,-83.9207392
291137,2013-01-18,4263,35412,31295,1252.0,1447.0,,35.9606384,-83.9207392,42.331427,-83.0457538
291225,2013-01-18,4245,31295,30685,2011.0,2037.0,,42.331427,-83.0457538,40.5478429,-88.864698
292227,2013-01-18,3288,31136,31295,1412.0,1637.0,,30.3321838,-81.655651,42.331427,-83.0457538
294151,2013-01-18,1449,31295,30529,1550.0,1727.0,,42.331427,-83.0457538,41.7637111,-72.6850932
294152,2013-01-18,1449,30529,31295,1829.0,2020.0,,41.7637111,-72.6850932,42.331427,-83.0457538
296503,2013-01-18,4879,30135,31295,735.0,915.0,,40.6516458,-75.4440964,42.331427,-83.0457538
296507,2013-01-18,4883,31295,30135,1728.0,1840.0,,42.331427,-83.0457538,40.6516458,-75.4440964
296520,2013-01-18,4901,31295,30529,1743.0,1910.0,,42.331427,-83.0457538,41.7637111,-72.6850932
296576,2013-01-18,4959,31295,30135,848.0,1004.0,,42.331427,-83.0457538,40.6516458,-75.4440964
296793,2013-01-18,5188,34653,31295,555.0,918.0,,36.1539816,-95.992775,42.331427,-83.0457538
296825,2013-01-18,5129,30529,31295,1617.0,1804.0,,41.7637111,-72.6850932,42.331427,-83.0457538
296826,2013-01-18,5129,31295,30529,1428.0,1547.0,,42.331427,-83.0457538,41.7637111,-72.6850932
296910,2013-01-18,5317,30529,31295,655.0,849.0,,41.7637111,-72.6850932,42.331427,-83.0457538
296920,2013-01-18,5324,31295,34653,1535.0,1642.0,,42.331427,-83.0457538,36.1539816,-95.992775
297059,2013-01-18,5365,34653,31295,1739.0,2038.0,,36.1539816,-95.992775,42.331427,-83.0457538
298407,2013-01-18,5160,31295,34653,1937.0,2048.0,,42.331427,-83.0457538,36.1539816,-95.992775
301146,2013-01-19,4883,31295,30135,1727.0,1839.0,,42.331427,-83.0457538,40.6516458,-75.4440964
301157,2013-01-19,4901,31295,30529,1744.0,1906.0,,42.331427,-83.0457538,41.7637111,-72.6850932
301190,2013-01-19,5016,31295,34653,1538.0,1701.0,,42.331427,-83.0457538,36.1539816,-95.992775
301337,2013-01-19,5188,34653,31295,559.0,904.0,,36.1539816,-95.992775,42.331427,-83.0457538
303184,2013-01-19,3600,30135,31295,1337.0,1514.0,,40.6516458,-75.4440964,42.331427,-83.0457538
303232,2013-01-19,3679,30685,31295,637.0,850.0,,40.5478429,-88.864698,42.331427,-83.0457538
303268,2013-01-19,3582,30529,31295,1622.0,1826.0,,41.7637111,-72.6850932,42.331427,-83.0457538
303269,2013-01-19,3582,31295,30529,1355.0,1521.0,,42.331427,-83.0457538,41.7637111,-72.6850932
303297,2013-01-19,3759,31295,35412,1724.0,1851.0,,42.331427,-83.0457538,35.9606384,-83.9207392
303381,2013-01-19,3957,35412,31295,743.0,945.0,,35.9606384,-83.9207392,42.331427,-83.0457538
303382,2013-01-19,3958,31295,35412,1204.0,1330.0,,42.331427,-83.0457538,35.9606384,-83.9207392
303401,2013-01-19,3891,31295,30685,1530.0,1552.0,,42.331427,-83.0457538,40.5478429,-88.864698
303509,2013-01-19,4263,35412,31295,1403.0,1533.0,,35.9606384,-83.9207392,42.331427,-83.0457538
318727,2013-01-20,4883,31295,30135,1728.0,1839.0,,42.331427,-83.0457538,40.6516458,-75.4440964
318738,2013-01-20,4901,31295,30529,1743.0,1908.0,,42.331427,-83.0457538,41.7637111,-72.6850932
318851,2013-01-20,4930,30529,31295,547.0,738.0,,41.7637111,-72.6850932,42.331427,-83.0457538
318957,2013-01-20,5188,34653,31295,555.0,903.0,,36.1539816,-95.992775,42.331427,-83.0457538
318974,2013-01-20,5129,30529,31295,853.0,1105.0,,41.7637111,-72.6850932,42.331427,-83.0457538
318976,2013-01-20,5131,31295,30529,1501.0,1624.0,,42.331427,-83.0457538,41.7637111,-72.6850932
319032,2013-01-20,5324,31295,34653,1531.0,1728.0,,42.331427,-83.0457538,36.1539816,-95.992775
324745,2013-01-20,3600,30135,31295,1236.0,1426.0,,40.6516458,-75.4440964,42.331427,-83.0457538
324751,2013-01-20,3435,31295,31136,1217.0,1429.0,,42.331427,-83.0457538,30.3321838,-81.655651
324796,2013-01-20,3679,30685,31295,646.0,904.0,,40.5478429,-88.864698,42.331427,-83.0457538
324866,2013-01-20,3758,30135,31295,1657.0,1839.0,,40.6516458,-75.4440964,42.331427,-83.0457538
324943,2013-01-20,3940,31295,35412,1536.0,1713.0,,42.331427,-83.0457538,35.9606384,-83.9207392
325050,2013-01-20,3933,35412,31295,1643.0,1823.0,,35.9606384,-83.9207392,42.331427,-83.0457538
325051,2013-01-20,3936,31295,30135,1404.0,1520.0,,42.331427,-83.0457538,40.6516458,-75.4440964
325056,2013-01-20,4096,31295,35412,2012.0,2128.0,,42.331427,-83.0457538,35.9606384,-83.9207392
325084,2013-01-20,4263,35412,31295,1251.0,1439.0,,35.9606384,-83.9207392,42.331427,-83.0457538
325142,2013-01-20,4245,31295,30685,2016.0,2028.0,,42.331427,-83.0457538,40.5478429,-88.864698
326094,2013-01-20,3288,31136,31295,1408.0,1639.0,,30.3321838,-81.655651,42.331427,-83.0457538
326102,2013-01-20,3297,30529,31295,1226.0,1427.0,,41.7637111,-72.6850932,42.331427,-83.0457538
326103,2013-01-20,3297,31295,30529,1000.0,1148.0,,42.331427,-83.0457538,41.7637111,-72.6850932
336186,2013-01-21,3600,30135,31295,1251.0,1450.0,,40.6516458,-75.4440964,42.331427,-83.0457538
336203,2013-01-21,3435,31295,31136,1219.0,1520.0,,42.331427,-83.0457538,30.3321838,-81.655651
336261,2013-01-21,3679,30685,31295,639.0,900.0,,40.5478429,-88.864698,42.331427,-83.0457538
336366,2013-01-21,3758,30135,31295,1720.0,1913.0,,40.6516458,-75.4440964,42.331427,-83.0457538
336491,2013-01-21,3940,31295,35412,1542.0,1717.0,,42.331427,-83.0457538,35.9606384,-83.9207392
336505,2013-01-21,3957,35412,31295,737.0,923.0,,35.9606384,-83.9207392,42.331427,-83.0457538
336506,2013-01-21,3958,31295,35412,1024.0,1225.0,,42.331427,-83.0457538,35.9606384,-83.9207392
336533,2013-01-21,3891,30685,31295,1700.0,1927.0,,40.5478429,-88.864698,42.331427,-83.0457538
336534,2013-01-21,3891,31295,30685,1555.0,1646.0,,42.331427,-83.0457538,40.5478429,-88.864698
336707,2013-01-21,3933,35412,31295,1652.0,1839.0,,35.9606384,-83.9207392,42.331427,-83.0457538
336709,2013-01-21,3936,31295,30135,1410.0,1604.0,,42.331427,-83.0457538,40.6516458,-75.4440964
336718,2013-01-21,4096,31295,35412,2016.0,2136.0,,42.331427,-83.0457538,35.9606384,-83.9207392
336767,2013-01-21,4263,35412,31295,1320.0,1522.0,,35.9606384,-83.9207392,42.331427,-83.0457538
336847,2013-01-21,4245,31295,30685,2015.0,2043.0,,42.331427,-83.0457538,40.5478429,-88.864698
337840,2013-01-21,3288,31136,31295,1412.0,1646.0,,30.3321838,-81.655651,42.331427,-83.0457538
340273,2013-01-21,1449,31295,30529,1550.0,1742.0,,42.331427,-83.0457538,41.7637111,-72.6850932
340274,2013-01-21,1449,30529,31295,1821.0,2038.0,,41.7637111,-72.6850932,42.331427,-83.0457538
342051,2013-01-21,4883,31295,30135,1728.0,1845.0,,42.331427,-83.0457538,40.6516458,-75.4440964
342062,2013-01-21,4901,31295,30529,2013.0,2153.0,,42.331427,-83.0457538,41.7637111,-72.6850932
342194,2013-01-21,4930,30529,31295,825.0,1020.0,,41.7637111,-72.6850932,42.331427,-83.0457538
342332,2013-01-21,5188,34653,31295,555.0,853.0,,36.1539816,-95.992775,42.331427,-83.0457538
342357,2013-01-21,5129,30529,31295,1623.0,1842.0,,41.7637111,-72.6850932,42.331427,-83.0457538
342358,2013-01-21,5129,31295,30529,1404.0,1556.0,,42.331427,-83.0457538,41.7637111,-72.6850932
342440,2013-01-21,5317,30529,31295,703.0,908.0,,41.7637111,-72.6850932,42.331427,-83.0457538
342450,2013-01-21,5324,31295,34653,1537.0,1713.0,,42.331427,-83.0457538,36.1539816,-95.992775
342585,2013-01-21,5365,34653,31295,1935.0,2224.0,,36.1539816,-95.992775,42.331427,-83.0457538
343604,2013-01-21,5160,31295,34653,2213.0,2331.0,,42.331427,-83.0457538,36.1539816,-95.992775
344765,2013-01-22,1449,31295,30529,1547.0,1723.0,,42.331427,-83.0457538,41.7637111,-72.6850932
344766,2013-01-22,1449,30529,31295,2002.0,2155.0,,41.7637111,-72.6850932,42.331427,-83.0457538
347351,2013-01-22,4879,30135,31295,555.0,745.0,,40.6516458,-75.4440964,42.331427,-83.0457538
347355,2013-01-22,4883,31295,30135,1745.0,1857.0,,42.331427,-83.0457538,40.6516458,-75.4440964
347364,2013-01-22,4901,31295,30529,1744.0,1909.0,,42.331427,-83.0457538,41.7637111,-72.6850932
347417,2013-01-22,4892,31295,30529,2009.0,2245.0,,42.331427,-83.0457538,41.7637111,-72.6850932
347423,2013-01-22,4959,31295,30135,859.0,1021.0,,42.331427,-83.0457538,40.6516458,-75.4440964
347629,2013-01-22,5188,34653,31295,644.0,957.0,,36.1539816,-95.992775,42.331427,-83.0457538
347740,2013-01-22,5317,30529,31295,848.0,1047.0,,41.7637111,-72.6850932,42.331427,-83.0457538
347749,2013-01-22,5324,31295,34653,1620.0,1744.0,,42.331427,-83.0457538,36.1539816,-95.992775
349967,2013-01-22,3435,31295,31136,1219.0,1437.0,,42.331427,-83.0457538,30.3321838,-81.655651
350026,2013-01-22,3679,30685,31295,641.0,936.0,,40.5478429,-88.864698,42.331427,-83.0457538
350135,2013-01-22,3758,30135,31295,1705.0,1904.0,,40.6516458,-75.4440964,42.331427,-83.0457538
350249,2013-01-22,3940,31295,35412,1533.0,1716.0,,42.331427,-83.0457538,35.9606384,-83.9207392
350264,2013-01-22,3957,35412,31295,842.0,1018.0,,35.9606384,-83.9207392,42.331427,-83.0457538
350265,2013-01-22,3958,31295,35412,1022.0,1154.0,,42.331427,-83.0457538,35.9606384,-83.9207392
350297,2013-01-22,3891,30685,31295,1614.0,1834.0,,40.5478429,-88.864698,42.331427,-83.0457538
350298,2013-01-22,3891,31295,30685,1526.0,1558.0,,42.331427,-83.0457538,40.5478429,-88.864698
350459,2013-01-22,3933,35412,31295,1729.0,1918.0,,35.9606384,-83.9207392,42.331427,-83.0457538
350468,2013-01-22,4096,31295,35412,2006.0,2154.0,,42.331427,-83.0457538,35.9606384,-83.9207392
350517,2013-01-22,4263,35412,31295,1246.0,1434.0,,35.9606384,-83.9207392,42.331427,-83.0457538
350597,2013-01-22,4245,31295,30685,2010.0,2115.0,,42.331427,-83.0457538,40.5478429,-88.864698
351561,2013-01-22,3288,31136,31295,1415.0,1637.0,,30.3321838,-81.655651,42.331427,-83.0457538
369377,2013-01-23,3509,31295,30529,2226.0,14.0,,42.331427,-83.0457538,41.7637111,-72.6850932
369451,2013-01-23,3600,30135,31295,1237.0,1432.0,,40.6516458,-75.4440964,42.331427,-83.0457538
369467,2013-01-23,3435,31295,31136,1222.0,1424.0,,42.331427,-83.0457538,30.3321838,-81.655651
369528,2013-01-23,3679,30685,31295,637.0,901.0,,40.5478429,-88.864698,42.331427,-83.0457538
369633,2013-01-23,3758,30135,31295,1740.0,1929.0,,40.6516458,-75.4440964,42.331427,-83.0457538
369758,2013-01-23,3940,31295,35412,1536.0,1730.0,,42.331427,-83.0457538,35.9606384,-83.9207392
369774,2013-01-23,3958,31295,35412,1017.0,1145.0,,42.331427,-83.0457538,35.9606384,-83.9207392
369804,2013-01-23,3891,30685,31295,1632.0,1926.0,,40.5478429,-88.864698,42.331427,-83.0457538
369805,2013-01-23,3891,31295,30685,1534.0,1617.0,,42.331427,-83.0457538,40.5478429,-88.864698
369978,2013-01-23,3933,35412,31295,1651.0,1846.0,,35.9606384,-83.9207392,42.331427,-83.0457538
369980,2013-01-23,3936,31295,30135,1535.0,1649.0,,42.331427,-83.0457538,40.6516458,-75.4440964
369988,2013-01-23,4096,31295,35412,2014.0,2220.0,,42.331427,-83.0457538,35.9606384,-83.9207392
370040,2013-01-23,4263,35412,31295,1249.0,1442.0,,35.9606384,-83.9207392,42.331427,-83.0457538
370122,2013-01-23,4245,31295,30685,2008.0,2115.0,,42.331427,-83.0457538,40.5478429,-88.864698
371087,2013-01-23,3288,31136,31295,1413.0,1645.0,,30.3321838,-81.655651,42.331427,-83.0457538
373891,2013-01-23,1449,31295,30529,1546.0,1723.0,,42.331427,-83.0457538,41.7637111,-72.6850932
373892,2013-01-23,1449,30529,31295,1825.0,2018.0,,41.7637111,-72.6850932,42.331427,-83.0457538
374608,2013-01-23,4879,30135,31295,552.0,756.0,,40.6516458,-75.4440964,42.331427,-83.0457538
374612,2013-01-23,4883,31295,30135,1732.0,1844.0,,42.331427,-83.0457538,40.6516458,-75.4440964
374619,2013-01-23,4901,31295,30529,1738.0,1918.0,,42.331427,-83.0457538,41.7637111,-72.6850932
374677,2013-01-23,4959,31295,30135,855.0,1010.0,,42.331427,-83.0457538,40.6516458,-75.4440964
374747,2013-01-23,4930,30529,31295,546.0,742.0,,41.7637111,-72.6850932,42.331427,-83.0457538
374889,2013-01-23,5188,34653,31295,553.0,915.0,,36.1539816,-95.992775,42.331427,-83.0457538
374915,2013-01-23,5129,30529,31295,1648.0,1902.0,,41.7637111,-72.6850932,42.331427,-83.0457538
374916,2013-01-23,5129,31295,30529,1425.0,1618.0,,42.331427,-83.0457538,41.7637111,-72.6850932
375003,2013-01-23,5317,30529,31295,659.0,848.0,,41.7637111,-72.6850932,42.331427,-83.0457538
375013,2013-01-23,5324,31295,34653,1554.0,1704.0,,42.331427,-83.0457538,36.1539816,-95.992775
379496,2013-01-24,1449,31295,30529,1544.0,1718.0,,42.331427,-83.0457538,41.7637111,-72.6850932
379497,2013-01-24,1449,30529,31295,1824.0,2026.0,,41.7637111,-72.6850932,42.331427,-83.0457538
380373,2013-01-24,4879,30135,31295,555.0,806.0,,40.6516458,-75.4440964,42.331427,-83.0457538
380377,2013-01-24,4883,31295,30135,1741.0,1906.0,,42.331427,-83.0457538,40.6516458,-75.4440964
380388,2013-01-24,4901,31295,30529,1820.0,1957.0,,42.331427,-83.0457538,41.7637111,-72.6850932
380447,2013-01-24,4959,31295,30135,1045.0,1217.0,,42.331427,-83.0457538,40.6516458,-75.4440964
380670,2013-01-24,5188,34653,31295,550.0,911.0,,36.1539816,-95.992775,42.331427,-83.0457538
380697,2013-01-24,5129,30529,31295,1620.0,1809.0,,41.7637111,-72.6850932,42.331427,-83.0457538
380698,2013-01-24,5129,31295,30529,1356.0,1522.0,,42.331427,-83.0457538,41.7637111,-72.6850932
380785,2013-01-24,5317,30529,31295,701.0,847.0,,41.7637111,-72.6850932,42.331427,-83.0457538
380795,2013-01-24,5324,31295,34653,1530.0,1639.0,,42.331427,-83.0457538,36.1539816,-95.992775
380966,2013-01-24,5365,34653,31295,1758.0,2056.0,,36.1539816,-95.992775,42.331427,-83.0457538
382308,2013-01-24,5160,31295,34653,1933.0,2045.0,,42.331427,-83.0457538,36.1539816,-95.992775
383108,2013-01-24,3509,31295,30529,2213.0,2344.0,,42.331427,-83.0457538,41.7637111,-72.6850932
383148,2013-01-24,3397,30529,31295,548.0,739.0,,41.7637111,-72.6850932,42.331427,-83.0457538
383181,2013-01-24,3600,30135,31295,1252.0,1456.0,,40.6516458,-75.4440964,42.331427,-83.0457538
383201,2013-01-24,3435,31295,31136,1234.0,1433.0,,42.331427,-83.0457538,30.3321838,-81.655651
383260,2013-01-24,3679,30685,31295,650.0,921.0,,40.5478429,-88.864698,42.331427,-83.0457538
383369,2013-01-24,3758,30135,31295,1707.0,1855.0,,40.6516458,-75.4440964,42.331427,-83.0457538
383497,2013-01-24,3940,31295,35412,1538.0,1658.0,,42.331427,-83.0457538,35.9606384,-83.9207392
383512,2013-01-24,3957,35412,31295,736.0,918.0,,35.9606384,-83.9207392,42.331427,-83.0457538
383513,2013-01-24,3958,31295,35412,1023.0,1159.0,,42.331427,-83.0457538,35.9606384,-83.9207392
383542,2013-01-24,3891,30685,31295,1615.0,1838.0,,40.5478429,-88.864698,42.331427,-83.0457538
383543,2013-01-24,3891,31295,30685,1520.0,1532.0,,42.331427,-83.0457538,40.5478429,-88.864698
383725,2013-01-24,3933,35412,31295,1649.0,1829.0,,35.9606384,-83.9207392,42.331427,-83.0457538
383727,2013-01-24,3936,31295,30135,1351.0,1515.0,,42.331427,-83.0457538,40.6516458,-75.4440964
383736,2013-01-24,4096,31295,35412,2343.0,108.0,,42.331427,-83.0457538,35.9606384,-83.9207392
383789,2013-01-24,4263,35412,31295,1253.0,1455.0,,35.9606384,-83.9207392,42.331427,-83.0457538
383873,2013-01-24,4245,31295,30685,2006.0,2030.0,,42.331427,-83.0457538,40.5478429,-88.864698
384872,2013-01-24,3288,31136,31295,1411.0,1629.0,,30.3321838,-81.655651,42.331427,-83.0457538
403772,2013-01-25,3509,31295,30529,2154.0,2355.0,,42.331427,-83.0457538,41.7637111,-72.6850932
403815,2013-01-25,3397,30529,31295,548.0,804.0,,41.7637111,-72.6850932,42.331427,-83.0457538
403849,2013-01-25,3600,30135,31295,1507.0,1712.0,,40.6516458,-75.4440964,42.331427,-83.0457538
403862,2013-01-25,3435,31295,31136,1221.0,1459.0,,42.331427,-83.0457538,30.3321838,-81.655651
403916,2013-01-25,3679,30685,31295,700.0,932.0,,40.5478429,-88.864698,42.331427,-83.0457538
404027,2013-01-25,3758,30135,31295,1714.0,2040.0,,40.6516458,-75.4440964,42.331427,-83.0457538
404155,2013-01-25,3940,31295,35412,1601.0,1807.0,,42.331427,-83.0457538,35.9606384,-83.9207392
404203,2013-01-25,3891,30685,31295,1650.0,1920.0,,40.5478429,-88.864698,42.331427,-83.0457538
404204,2013-01-25,3891,31295,30685,1539.0,1629.0,,42.331427,-83.0457538,40.5478429,-88.864698
404383,2013-01-25,3933,35412,31295,1750.0,1946.0,,35.9606384,-83.9207392,42.331427,-83.0457538
404385,2013-01-25,3936,31295,30135,1434.0,1618.0,,42.331427,-83.0457538,40.6516458,-75.4440964
404394,2013-01-25,4096,31295,35412,2046.0,2235.0,,42.331427,-83.0457538,35.9606384,-83.9207392
404534,2013-01-25,4245,31295,30685,2118.0,2148.0,,42.331427,-83.0457538,40.5478429,-88.864698
405536,2013-01-25,3288,31136,31295,1410.0,1635.0,,30.3321838,-81.655651,42.331427,-83.0457538
408809,2013-01-25,4879,30135,31295,558.0,736.0,,40.6516458,-75.4440964,42.331427,-83.0457538
408813,2013-01-25,4883,31295,30135,1753.0,1957.0,,42.331427,-83.0457538,40.6516458,-75.4440964
408822,2013-01-25,4901,31295,30529,1748.0,2003.0,,42.331427,-83.0457538,41.7637111,-72.6850932
408882,2013-01-25,4959,31295,30135,853.0,1038.0,,42.331427,-83.0457538,40.6516458,-75.4440964
409099,2013-01-25,5188,34653,31295,554.0,900.0,,36.1539816,-95.992775,42.331427,-83.0457538
409124,2013-01-25,5129,30529,31295,1648.0,1841.0,,41.7637111,-72.6850932,42.331427,-83.0457538
409125,2013-01-25,5129,31295,30529,1406.0,1618.0,,42.331427,-83.0457538,41.7637111,-72.6850932
409211,2013-01-25,5317,30529,31295,656.0,853.0,,41.7637111,-72.6850932,42.331427,-83.0457538
409221,2013-01-25,5324,31295,34653,1634.0,1810.0,,42.331427,-83.0457538,36.1539816,-95.992775
410189,2013-01-25,1449,31295,30529,1549.0,1759.0,,42.331427,-83.0457538,41.7637111,-72.6850932
410190,2013-01-25,1449,30529,31295,1837.0,2026.0,,41.7637111,-72.6850932,42.331427,-83.0457538
410365,2013-01-25,5365,34653,31295,1750.0,2108.0,,36.1539816,-95.992775,42.331427,-83.0457538
411498,2013-01-25,5160,31295,34653,2036.0,2223.0,,42.331427,-83.0457538,36.1539816,-95.992775
414510,2013-01-26,4901,31295,30529,1750.0,1921.0,,42.331427,-83.0457538,41.7637111,-72.6850932
414546,2013-01-26,5016,31295,34653,1608.0,1731.0,,42.331427,-83.0457538,36.1539816,-95.992775
414661,2013-01-26,5072,30529,31295,1232.0,1419.0,,41.7637111,-72.6850932,42.331427,-83.0457538
414662,2013-01-26,5072,31295,30529,1009.0,1202.0,,42.331427,-83.0457538,41.7637111,-72.6850932
414702,2013-01-26,5188,34653,31295,555.0,901.0,,36.1539816,-95.992775,42.331427,-83.0457538
414708,2013-01-26,5118,30135,31295,1248.0,1444.0,,40.6516458,-75.4440964,42.331427,-83.0457538
414713,2013-01-26,5129,30529,31295,1841.0,2030.0,,41.7637111,-72.6850932,42.331427,-83.0457538
414714,2013-01-26,5129,31295,30529,1646.0,1809.0,,42.331427,-83.0457538,41.7637111,-72.6850932
414763,2013-01-26,5317,30529,31295,656.0,843.0,,41.7637111,-72.6850932,42.331427,-83.0457538
416607,2013-01-26,3679,30685,31295,655.0,920.0,,40.5478429,-88.864698,42.331427,-83.0457538
416674,2013-01-26,3759,31295,35412,1721.0,1841.0,,42.331427,-83.0457538,35.9606384,-83.9207392
416764,2013-01-26,3957,35412,31295,734.0,928.0,,35.9606384,-83.9207392,42.331427,-83.0457538
416765,2013-01-26,3958,31295,35412,1217.0,1355.0,,42.331427,-83.0457538,35.9606384,-83.9207392
416783,2013-01-26,3891,31295,30685,1605.0,1613.0,,42.331427,-83.0457538,40.5478429,-88.864698
416898,2013-01-26,4263,35412,31295,1249.0,1445.0,,35.9606384,-83.9207392,42.331427,-83.0457538
416905,2013-01-26,4280,31295,30135,1725.0,1837.0,,42.331427,-83.0457538,40.6516458,-75.4440964
433611,2013-01-27,3509,31295,30529,2155.0,35.0,,42.331427,-83.0457538,41.7637111,-72.6850932
433681,2013-01-27,3600,30135,31295,1247.0,1447.0,,40.6516458,-75.4440964,42.331427,-83.0457538
433696,2013-01-27,3435,31295,31136,1455.0,1708.0,,42.331427,-83.0457538,30.3321838,-81.655651
433736,2013-01-27,3630,30135,31295,553.0,738.0,,40.6516458,-75.4440964,42.331427,-83.0457538
433754,2013-01-27,3679,30685,31295,641.0,904.0,,40.5478429,-88.864698,42.331427,-83.0457538
433868,2013-01-27,3758,30135,31295,1656.0,1859.0,,40.6516458,-75.4440964,42.331427,-83.0457538
433998,2013-01-27,3940,31295,35412,1622.0,1747.0,,42.331427,-83.0457538,35.9606384,-83.9207392
434011,2013-01-27,3957,35412,31295,734.0,929.0,,35.9606384,-83.9207392,42.331427,-83.0457538
434012,2013-01-27,3958,31295,35412,1017.0,1139.0,,42.331427,-83.0457538,35.9606384,-83.9207392
434037,2013-01-27,3891,30685,31295,1622.0,1838.0,,40.5478429,-88.864698,42.331427,-83.0457538
434038,2013-01-27,3891,31295,30685,1525.0,1546.0,,42.331427,-83.0457538,40.5478429,-88.864698
434190,2013-01-27,3933,35412,31295,1653.0,1913.0,,35.9606384,-83.9207392,42.331427,-83.0457538
434192,2013-01-27,3936,31295,30135,1356.0,1510.0,,42.331427,-83.0457538,40.6516458,-75.4440964
434199,2013-01-27,4096,31295,35412,2159.0,14.0,,42.331427,-83.0457538,35.9606384,-83.9207392
434240,2013-01-27,4263,35412,31295,1255.0,1432.0,,35.9606384,-83.9207392,42.331427,-83.0457538
435276,2013-01-27,3288,31136,31295,1409.0,1622.0,,30.3321838,-81.655651,42.331427,-83.0457538
437330,2013-01-27,1449,31295,30529,1547.0,1721.0,,42.331427,-83.0457538,41.7637111,-72.6850932
437331,2013-01-27,1449,30529,31295,1825.0,2040.0,,41.7637111,-72.6850932,42.331427,-83.0457538
439359,2013-01-27,4883,31295,30135,1754.0,1916.0,,42.331427,-83.0457538,40.6516458,-75.4440964
439371,2013-01-27,4901,31295,30529,1740.0,1909.0,,42.331427,-83.0457538,41.7637111,-72.6850932
439423,2013-01-27,4959,31295,30135,854.0,1011.0,,42.331427,-83.0457538,40.6516458,-75.4440964
439491,2013-01-27,4930,30529,31295,550.0,739.0,,41.7637111,-72.6850932,42.331427,-83.0457538
439577,2013-01-27,5072,30529,31295,1236.0,1436.0,,41.7637111,-72.6850932,42.331427,-83.0457538
439639,2013-01-27,5188,34653,31295,553.0,900.0,,36.1539816,-95.992775,42.331427,-83.0457538
439662,2013-01-27,5129,30529,31295,1622.0,1839.0,,41.7637111,-72.6850932,42.331427,-83.0457538
439663,2013-01-27,5129,31295,30529,1415.0,1543.0,,42.331427,-83.0457538,41.7637111,-72.6850932
439748,2013-01-27,5324,31295,34653,1527.0,1640.0,,42.331427,-83.0457538,36.1539816,-95.992775
439882,2013-01-27,5365,34653,31295,1736.0,2055.0,,36.1539816,-95.992775,42.331427,-83.0457538
440722,2013-01-27,5160,31295,34653,1939.0,2232.0,,42.331427,-83.0457538,36.1539816,-95.992775
442237,2013-01-28,1449,31295,30529,1625.0,1800.0,,42.331427,-83.0457538,41.7637111,-72.6850932
442238,2013-01-28,1449,30529,31295,1832.0,2036.0,,41.7637111,-72.6850932,42.331427,-83.0457538
444570,2013-01-28,4883,31295,30135,1732.0,1906.0,,42.331427,-83.0457538,40.6516458,-75.4440964
444581,2013-01-28,4901,31295,30529,1751.0,1920.0,,42.331427,-83.0457538,41.7637111,-72.6850932
444638,2013-01-28,4959,31295,30135,857.0,1021.0,,42.331427,-83.0457538,40.6516458,-75.4440964
444860,2013-01-28,5188,34653,31295,557.0,932.0,,36.1539816,-95.992775,42.331427,-83.0457538
444890,2013-01-28,5129,30529,31295,1615.0,1829.0,,41.7637111,-72.6850932,42.331427,-83.0457538
444891,2013-01-28,5129,31295,30529,1358.0,1537.0,,42.331427,-83.0457538,41.7637111,-72.6850932
444978,2013-01-28,5317,30529,31295,656.0,904.0,,41.7637111,-72.6850932,42.331427,-83.0457538
444988,2013-01-28,5324,31295,34653,1659.0,1812.0,,42.331427,-83.0457538,36.1539816,-95.992775
446189,2013-01-28,5160,31295,34653,1942.0,2105.0,,42.331427,-83.0457538,36.1539816,-95.992775
447314,2013-01-28,3397,30529,31295,544.0,736.0,,41.7637111,-72.6850932,42.331427,-83.0457538
447347,2013-01-28,3600,30135,31295,1341.0,1556.0,,40.6516458,-75.4440964,42.331427,-83.0457538
447367,2013-01-28,3435,31295,31136,1231.0,1442.0,,42.331427,-83.0457538,30.3321838,-81.655651
447538,2013-01-28,3758,30135,31295,1703.0,1901.0,,40.6516458,-75.4440964,42.331427,-83.0457538
447665,2013-01-28,3940,31295,35412,1640.0,1755.0,,42.331427,-83.0457538,35.9606384,-83.9207392
447680,2013-01-28,3957,35412,31295,737.0,927.0,,35.9606384,-83.9207392,42.331427,-83.0457538
447681,2013-01-28,3958,31295,35412,1023.0,1207.0,,42.331427,-83.0457538,35.9606384,-83.9207392
447893,2013-01-28,3933,35412,31295,1654.0,1914.0,,35.9606384,-83.9207392,42.331427,-83.0457538
447895,2013-01-28,3936,31295,30135,1358.0,1521.0,,42.331427,-83.0457538,40.6516458,-75.4440964
447904,2013-01-28,4096,31295,35412,2011.0,2145.0,,42.331427,-83.0457538,35.9606384,-83.9207392
447955,2013-01-28,4263,35412,31295,1250.0,1459.0,,35.9606384,-83.9207392,42.331427,-83.0457538
449041,2013-01-28,3288,31136,31295,1423.0,1638.0,,30.3321838,-81.655651,42.331427,-83.0457538
467344,2013-01-29,3435,31295,31136,1216.0,1423.0,,42.331427,-83.0457538,30.3321838,-81.655651
467510,2013-01-29,3758,30135,31295,1659.0,1858.0,,40.6516458,-75.4440964,42.331427,-83.0457538
467627,2013-01-29,3940,31295,35412,1538.0,1706.0,,42.331427,-83.0457538,35.9606384,-83.9207392
467642,2013-01-29,3957,35412,31295,743.0,939.0,,35.9606384,-83.9207392,42.331427,-83.0457538
467643,2013-01-29,3958,31295,35412,1024.0,1151.0,,42.331427,-83.0457538,35.9606384,-83.9207392
467675,2013-01-29,3891,30685,31295,1640.0,1915.0,,40.5478429,-88.864698,42.331427,-83.0457538
467676,2013-01-29,3891,31295,30685,1552.0,1621.0,,42.331427,-83.0457538,40.5478429,-88.864698
467836,2013-01-29,3933,35412,31295,1647.0,1910.0,,35.9606384,-83.9207392,42.331427,-83.0457538
467844,2013-01-29,4096,31295,35412,2054.0,2224.0,,42.331427,-83.0457538,35.9606384,-83.9207392
467891,2013-01-29,4263,35412,31295,1247.0,1436.0,,35.9606384,-83.9207392,42.331427,-83.0457538
467971,2013-01-29,4245,31295,30685,2128.0,2150.0,,42.331427,-83.0457538,40.5478429,-88.864698
468940,2013-01-29,3288,31136,31295,1407.0,1626.0,,30.3321838,-81.655651,42.331427,-83.0457538
471382,2013-01-29,1449,31295,30529,1548.0,1717.0,,42.331427,-83.0457538,41.7637111,-72.6850932
471383,2013-01-29,1449,30529,31295,1825.0,2025.0,,41.7637111,-72.6850932,42.331427,-83.0457538
472889,2013-01-29,4879,30135,31295,549.0,731.0,,40.6516458,-75.4440964,42.331427,-83.0457538
472893,2013-01-29,4883,31295,30135,1843.0,1955.0,,42.331427,-83.0457538,40.6516458,-75.4440964
472900,2013-01-29,4901,31295,30529,1747.0,1919.0,,42.331427,-83.0457538,41.7637111,-72.6850932
472954,2013-01-29,4892,31295,30529,2023.0,2151.0,,42.331427,-83.0457538,41.7637111,-72.6850932
472960,2013-01-29,4959,31295,30135,856.0,1016.0,,42.331427,-83.0457538,40.6516458,-75.4440964
473165,2013-01-29,5188,34653,31295,555.0,902.0,,36.1539816,-95.992775,42.331427,-83.0457538
473190,2013-01-29,5129,30529,31295,1621.0,1903.0,,41.7637111,-72.6850932,42.331427,-83.0457538
473191,2013-01-29,5129,31295,30529,1356.0,1527.0,,42.331427,-83.0457538,41.7637111,-72.6850932
473275,2013-01-29,5317,30529,31295,652.0,913.0,,41.7637111,-72.6850932,42.331427,-83.0457538
473284,2013-01-29,5324,31295,34653,1532.0,1712.0,,42.331427,-83.0457538,36.1539816,-95.992775
475855,2013-01-30,1449,31295,30529,1546.0,1721.0,,42.331427,-83.0457538,41.7637111,-72.6850932
475856,2013-01-30,1449,30529,31295,1822.0,2016.0,,41.7637111,-72.6850932,42.331427,-83.0457538
477954,2013-01-30,4879,30135,31295,552.0,735.0,,40.6516458,-75.4440964,42.331427,-83.0457538
477958,2013-01-30,4883,31295,30135,1848.0,2017.0,,42.331427,-83.0457538,40.6516458,-75.4440964
477967,2013-01-30,4901,31295,30529,1743.0,1927.0,,42.331427,-83.0457538,41.7637111,-72.6850932
478026,2013-01-30,4959,31295,30135,924.0,1037.0,,42.331427,-83.0457538,40.6516458,-75.4440964
478095,2013-01-30,4930,30529,31295,550.0,754.0,,41.7637111,-72.6850932,42.331427,-83.0457538
478236,2013-01-30,5188,34653,31295,555.0,859.0,,36.1539816,-95.992775,42.331427,-83.0457538
478263,2013-01-30,5129,30529,31295,1727.0,1917.0,,41.7637111,-72.6850932,42.331427,-83.0457538
478264,2013-01-30,5129,31295,30529,1523.0,1657.0,,42.331427,-83.0457538,41.7637111,-72.6850932
478350,2013-01-30,5317,30529,31295,652.0,851.0,,41.7637111,-72.6850932,42.331427,-83.0457538
480619,2013-01-30,3600,30135,31295,1523.0,1702.0,,40.6516458,-75.4440964,42.331427,-83.0457538
480638,2013-01-30,3435,31295,31136,1218.0,1455.0,,42.331427,-83.0457538,30.3321838,-81.655651
480698,2013-01-30,3679,30685,31295,644.0,852.0,,40.5478429,-88.864698,42.331427,-83.0457538
480931,2013-01-30,3940,31295,35412,1537.0,1725.0,,42.331427,-83.0457538,35.9606384,-83.9207392
480946,2013-01-30,3957,35412,31295,736.0,909.0,,35.9606384,-83.9207392,42.331427,-83.0457538
480947,2013-01-30,3958,31295,35412,1020.0,1202.0,,42.331427,-83.0457538,35.9606384,-83.9207392
480976,2013-01-30,3891,30685,31295,1613.0,1905.0,,40.5478429,-88.864698,42.331427,-83.0457538
480977,2013-01-30,3891,31295,30685,1523.0,1555.0,,42.331427,-83.0457538,40.5478429,-88.864698
481150,2013-01-30,3933,35412,31295,1651.0,1832.0,,35.9606384,-83.9207392,42.331427,-83.0457538
481152,2013-01-30,3936,31295,30135,1357.0,1525.0,,42.331427,-83.0457538,40.6516458,-75.4440964
481160,2013-01-30,4096,31295,35412,2013.0,2204.0,,42.331427,-83.0457538,35.9606384,-83.9207392
481211,2013-01-30,4263,35412,31295,1255.0,1428.0,,35.9606384,-83.9207392,42.331427,-83.0457538
481294,2013-01-30,4245,31295,30685,2104.0,2125.0,,42.331427,-83.0457538,40.5478429,-88.864698
482263,2013-01-30,3288,31136,31295,1408.0,1611.0,,30.3321838,-81.655651,42.331427,-83.0457538
497737,2013-01-31,1449,31295,30529,1555.0,1800.0,,42.331427,-83.0457538,41.7637111,-72.6850932
497738,2013-01-31,1449,30529,31295,1828.0,2036.0,,41.7637111,-72.6850932,42.331427,-83.0457538
499550,2013-01-31,4879,30135,31295,608.0,757.0,,40.6516458,-75.4440964,42.331427,-83.0457538
499565,2013-01-31,4901,31295,30529,1747.0,1939.0,,42.331427,-83.0457538,41.7637111,-72.6850932
499627,2013-01-31,4959,31295,30135,904.0,1043.0,,42.331427,-83.0457538,40.6516458,-75.4440964
499874,2013-01-31,5129,30529,31295,1624.0,1828.0,,41.7637111,-72.6850932,42.331427,-83.0457538
499875,2013-01-31,5129,31295,30529,1402.0,1550.0,,42.331427,-83.0457538,41.7637111,-72.6850932
499960,2013-01-31,5317,30529,31295,716.0,907.0,,41.7637111,-72.6850932,42.331427,-83.0457538
499970,2013-01-31,5324,31295,34653,1712.0,1853.0,,42.331427,-83.0457538,36.1539816,-95.992775
500111,2013-01-31,5365,34653,31295,1757.0,2101.0,,36.1539816,-95.992775,42.331427,-83.0457538
500951,2013-01-31,5160,31295,34653,2012.0,2155.0,,42.331427,-83.0457538,36.1539816,-95.992775
506198,2013-01-31,3509,31295,30529,2155.0,2338.0,,42.331427,-83.0457538,41.7637111,-72.6850932
506272,2013-01-31,3600,30135,31295,1258.0,1456.0,,40.6516458,-75.4440964,42.331427,-83.0457538
506291,2013-01-31,3435,31295,31136,1219.0,1508.0,,42.331427,-83.0457538,30.3321838,-81.655651
506350,2013-01-31,3679,30685,31295,705.0,921.0,,40.5478429,-88.864698,42.331427,-83.0457538
506461,2013-01-31,3758,30135,31295,1742.0,1925.0,,40.6516458,-75.4440964,42.331427,-83.0457538
506591,2013-01-31,3940,31295,35412,1909.0,2053.0,,42.331427,-83.0457538,35.9606384,-83.9207392
506606,2013-01-31,3957,35412,31295,742.0,925.0,,35.9606384,-83.9207392,42.331427,-83.0457538
506607,2013-01-31,3958,31295,35412,1021.0,1220.0,,42.331427,-83.0457538,35.9606384,-83.9207392
506636,2013-01-31,3891,30685,31295,1629.0,1844.0,,40.5478429,-88.864698,42.331427,-83.0457538
506637,2013-01-31,3891,31295,30685,1526.0,1604.0,,42.331427,-83.0457538,40.5478429,-88.864698
506819,2013-01-31,3933,35412,31295,1651.0,1843.0,,35.9606384,-83.9207392,42.331427,-83.0457538
506821,2013-01-31,3936,31295,30135,1355.0,1526.0,,42.331427,-83.0457538,40.6516458,-75.4440964
506830,2013-01-31,4096,31295,35412,2015.0,2215.0,,42.331427,-83.0457538,35.9606384,-83.9207392
506882,2013-01-31,4263,35412,31295,1249.0,1437.0,,35.9606384,-83.9207392,42.331427,-83.0457538
506968,2013-01-31,4245,31295,30685,2037.0,2125.0,,42.331427,-83.0457538,40.5478429,-88.864698
507972,2013-01-31,3288,31136,31295,1412.0,1617.0,,30.3321838,-81.655651,42.331427,-83.0457538
